{"v":"4.8.0","meta":{"g":"LottieFiles AE ","a":"","k":"","d":"","tc":""},"fr":25,"ip":0,"op":150,"w":1000,"h":1000,"nm":"Add_Bank_Account_Animation_5","ddd":0,"assets":[],"layers":[{"ddd":0,"ind":1,"ty":4,"nm":"+ Add","sr":1,"ks":{"o":{"a":0,"k":100,"ix":11},"r":{"a":0,"k":0,"ix":10},"p":{"a":0,"k":[498.741,487.406,0],"ix":2},"a":{"a":0,"k":[0,0,0],"ix":1},"s":{"a":0,"k":[100,100,100],"ix":6}},"ao":0,"shapes":[{"ty":"gr","it":[{"ind":0,"ty":"sh","ix":1,"ks":{"a":1,"k":[{"i":{"x":0,"y":1},"o":{"x":0.193,"y":0},"t":49,"s":[{"i":[[0,0],[0,0]],"o":[[0,0],[0,0]],"v":[[1.259,-162.469],[1.259,187.657]],"c":false}]},{"t":58,"s":[{"i":[[0,0],[0,0]],"o":[[0,0],[0,0]],"v":[[1.259,-62.469],[1.259,87.657]],"c":false}]}],"ix":2},"nm":"Path 1","mn":"ADBE Vector Shape - Group","hd":false},{"ind":1,"ty":"sh","ix":2,"ks":{"a":1,"k":[{"i":{"x":0,"y":1},"o":{"x":0.193,"y":0},"t":49,"s":[{"i":[[0,0],[0,0]],"o":[[0,0],[0,0]],"v":[[176.322,12.594],[-173.804,12.594]],"c":false}]},{"t":58,"s":[{"i":[[0,0],[0,0]],"o":[[0,0],[0,0]],"v":[[76.322,12.594],[-73.804,12.594]],"c":false}]}],"ix":2},"nm":"Path 2","mn":"ADBE Vector Shape - Group","hd":false},{"ty":"tm","s":{"a":1,"k":[{"i":{"x":[0],"y":[1]},"o":{"x":[0.333],"y":[0]},"t":3,"s":[50]},{"i":{"x":[0.833],"y":[1]},"o":{"x":[0.167],"y":[0]},"t":6,"s":[0]},{"i":{"x":[0.406],"y":[1]},"o":{"x":[0.167],"y":[0]},"t":8,"s":[0]},{"i":{"x":[0],"y":[1]},"o":{"x":[0.193],"y":[0]},"t":49,"s":[0]},{"t":58,"s":[0]}],"ix":1},"e":{"a":1,"k":[{"i":{"x":[0],"y":[1]},"o":{"x":[0.333],"y":[0]},"t":3,"s":[50]},{"i":{"x":[0.833],"y":[1]},"o":{"x":[0.167],"y":[0]},"t":6,"s":[100]},{"i":{"x":[0.406],"y":[1]},"o":{"x":[0.167],"y":[0]},"t":8,"s":[100]},{"i":{"x":[0],"y":[1]},"o":{"x":[0.193],"y":[0]},"t":49,"s":[100]},{"t":58,"s":[100]}],"ix":2},"o":{"a":0,"k":0,"ix":3},"m":1,"ix":3,"nm":"Trim Paths 1","mn":"ADBE Vector Filter - Trim","hd":false},{"ty":"st","c":{"a":0,"k":[1,0.792156982422,0.125489994124,1],"ix":3},"o":{"a":0,"k":100,"ix":4},"w":{"a":1,"k":[{"i":{"x":[0],"y":[1]},"o":{"x":[0.193],"y":[0]},"t":49,"s":[90]},{"t":58,"s":[36]}],"ix":5},"lc":2,"lj":1,"ml":4,"bm":0,"nm":"Stroke 1","mn":"ADBE Vector Graphic - Stroke","hd":false},{"ty":"fl","c":{"a":0,"k":[1,1,1,1],"ix":4},"o":{"a":0,"k":100,"ix":5},"r":1,"bm":0,"nm":"Fill 1","mn":"ADBE Vector Graphic - Fill","hd":false},{"ty":"tr","p":{"a":1,"k":[{"i":{"x":0,"y":1},"o":{"x":0.193,"y":0},"t":49,"s":[287.098,-26.474],"to":[3.984,50.746],"ti":[-3.984,-50.746]},{"t":58,"s":[311,278]}],"ix":2},"a":{"a":0,"k":[0,0],"ix":1},"s":{"a":1,"k":[{"i":{"x":[0,0],"y":[1,1]},"o":{"x":[0.333,0.333],"y":[0,0]},"t":3,"s":[50,50]},{"i":{"x":[0.833,0.833],"y":[1,1]},"o":{"x":[0.167,0.167],"y":[0,0]},"t":6,"s":[81,81]},{"i":{"x":[0.406,0.406],"y":[1,1]},"o":{"x":[0.167,0.167],"y":[0,0]},"t":8,"s":[72,72]},{"i":{"x":[0,0],"y":[1,1]},"o":{"x":[0.193,0.193],"y":[0,0]},"t":49,"s":[72,72]},{"t":58,"s":[175,175]}],"ix":3},"r":{"a":0,"k":0,"ix":6},"o":{"a":0,"k":100,"ix":7},"sk":{"a":0,"k":0,"ix":4},"sa":{"a":0,"k":0,"ix":5},"nm":"Transform"}],"nm":"Shape 1","np":5,"cix":2,"bm":0,"ix":1,"mn":"ADBE Vector Group","hd":false}],"ip":0,"op":3327,"st":0,"bm":0},{"ddd":0,"ind":2,"ty":4,"nm":"Add  Outlines","sr":1,"ks":{"o":{"a":1,"k":[{"i":{"x":[0.576],"y":[1]},"o":{"x":[0.23],"y":[0]},"t":0,"s":[100]},{"i":{"x":[0.842],"y":[1]},"o":{"x":[0.291],"y":[0]},"t":6,"s":[100]},{"i":{"x":[0.667],"y":[1]},"o":{"x":[0.333],"y":[0]},"t":49,"s":[100]},{"t":50,"s":[0]}],"ix":11},"r":{"a":0,"k":0,"ix":10},"p":{"a":0,"k":[172.18,500,0],"ix":2},"a":{"a":0,"k":[0,0,0],"ix":1},"s":{"a":1,"k":[{"i":{"x":[0.667,0.667,0.667],"y":[1,1,1]},"o":{"x":[0.333,0.333,0.333],"y":[0,0,0]},"t":0,"s":[0,0,100]},{"i":{"x":[0.667,0.667,0.667],"y":[1,1,1]},"o":{"x":[0.333,0.333,0.333],"y":[0,0,0]},"t":4,"s":[108,108,100]},{"t":6,"s":[100,100,100]}],"ix":6}},"ao":0,"shapes":[{"ty":"gr","it":[{"ind":0,"ty":"sh","ix":1,"ks":{"a":0,"k":{"i":[[0,0],[0,0],[0,0]],"o":[[0,0],[0,0],[0,0]],"v":[[85.887,-130.466],[107.254,-63.914],[63.937,-63.914]],"c":true},"ix":2},"nm":"A","mn":"ADBE Vector Shape - Group","hd":false},{"ind":1,"ty":"sh","ix":2,"ks":{"a":0,"k":{"i":[[0,0],[0,0],[0,0],[0,0],[0,0],[0,0],[0,0],[0,0]],"o":[[0,0],[0,0],[0,0],[0,0],[0,0],[0,0],[0,0],[0,0]],"v":[[5.89,0],[42.858,0],[54.323,-34.768],[116.609,-34.768],[127.77,0],[166.095,0],[106.255,-169.136],[66.266,-169.136]],"c":true},"ix":2},"nm":"A","mn":"ADBE Vector Shape - Group","hd":false},{"ty":"mm","mm":1,"nm":"Merge Paths 1","mn":"ADBE Vector Filter - Merge","hd":false},{"ty":"fl","c":{"a":0,"k":[1,0.792156922583,0.125490196078,1],"ix":4},"o":{"a":0,"k":100,"ix":5},"r":1,"bm":0,"nm":"Fill 1","mn":"ADBE Vector Graphic - Fill","hd":false},{"ty":"tr","p":{"a":0,"k":[0,0],"ix":2},"a":{"a":0,"k":[0,0],"ix":1},"s":{"a":0,"k":[100,100],"ix":3},"r":{"a":0,"k":0,"ix":6},"o":{"a":0,"k":99,"ix":7},"sk":{"a":0,"k":0,"ix":4},"sa":{"a":0,"k":0,"ix":5},"nm":"Transform"}],"nm":"A","np":5,"cix":2,"bm":0,"ix":1,"mn":"ADBE Vector Group","hd":false},{"ty":"gr","it":[{"ind":0,"ty":"sh","ix":1,"ks":{"a":0,"k":{"i":[[7.573,0],[9.829,-12.238],[0,-21.343],[-9.983,-11.819],[-14.612,0],[-5.967,3.365],[-4.667,7.421],[0,0],[0,0],[0,0],[0,0],[0,0],[5.89,3.328]],"o":[[-16.448,0],[-9.831,12.24],[0,18.514],[9.983,11.819],[8.873,0],[5.967,-3.365],[0,0],[0,0],[0,0],[0,0],[0,0],[-3.672,-5.89],[-5.891,-3.328]],"v":[[231.099,-128.057],[191.683,-109.697],[176.938,-59.324],[191.913,-13.827],[228.804,3.901],[251.064,-1.147],[267.014,-17.327],[267.014,0],[298.799,0],[298.799,-168.906],[265.637,-168.906],[265.637,-109.238],[251.294,-123.065]],"c":true},"ix":2},"nm":"d","mn":"ADBE Vector Shape - Group","hd":false},{"ind":1,"ty":"sh","ix":2,"ks":{"a":0,"k":{"i":[[9.255,0],[4.55,6.924],[0,11.552],[-4.475,7.229],[-9.563,0],[-4.744,-3.977],[0,-15.299],[4.819,-6.885]],"o":[[-9.257,0],[-4.552,-6.922],[0,-10.709],[4.475,-7.229],[6.272,0],[7.726,6.58],[0,10.94],[-4.819,6.885]],"v":[[238.213,-23.638],[217.501,-34.022],[210.674,-61.733],[217.386,-88.641],[238.442,-99.485],[254.966,-93.518],[266.555,-60.701],[259.326,-33.965]],"c":true},"ix":2},"nm":"d","mn":"ADBE Vector Shape - Group","hd":false},{"ty":"mm","mm":1,"nm":"Merge Paths 1","mn":"ADBE Vector Filter - Merge","hd":false},{"ty":"fl","c":{"a":0,"k":[1,0.792156922583,0.125490196078,1],"ix":4},"o":{"a":0,"k":100,"ix":5},"r":1,"bm":0,"nm":"Fill 1","mn":"ADBE Vector Graphic - Fill","hd":false},{"ty":"tr","p":{"a":0,"k":[0,0],"ix":2},"a":{"a":0,"k":[0,0],"ix":1},"s":{"a":0,"k":[100,100],"ix":3},"r":{"a":0,"k":0,"ix":6},"o":{"a":0,"k":99,"ix":7},"sk":{"a":0,"k":0,"ix":4},"sa":{"a":0,"k":0,"ix":5},"nm":"Transform"}],"nm":"d","np":5,"cix":2,"bm":0,"ix":2,"mn":"ADBE Vector Group","hd":false},{"ty":"gr","it":[{"ind":0,"ty":"sh","ix":1,"ks":{"a":0,"k":{"i":[[7.573,0],[9.829,-12.238],[0,-21.343],[-9.983,-11.819],[-14.612,0],[-5.967,3.365],[-4.667,7.421],[0,0],[0,0],[0,0],[0,0],[0,0],[5.89,3.328]],"o":[[-16.448,0],[-9.831,12.24],[0,18.514],[9.983,11.819],[8.873,0],[5.967,-3.365],[0,0],[0,0],[0,0],[0,0],[0,0],[-3.672,-5.89],[-5.891,-3.328]],"v":[[374.646,-128.057],[335.231,-109.697],[320.486,-59.324],[335.46,-13.827],[372.351,3.901],[394.612,-1.147],[410.562,-17.327],[410.562,0],[442.346,0],[442.346,-168.906],[409.185,-168.906],[409.185,-109.238],[394.841,-123.065]],"c":true},"ix":2},"nm":"d","mn":"ADBE Vector Shape - Group","hd":false},{"ind":1,"ty":"sh","ix":2,"ks":{"a":0,"k":{"i":[[9.255,0],[4.55,6.924],[0,11.552],[-4.475,7.229],[-9.563,0],[-4.744,-3.977],[0,-15.299],[4.819,-6.885]],"o":[[-9.257,0],[-4.552,-6.922],[0,-10.709],[4.475,-7.229],[6.272,0],[7.726,6.58],[0,10.94],[-4.819,6.885]],"v":[[381.76,-23.638],[361.049,-34.022],[354.221,-61.733],[360.934,-88.641],[381.99,-99.485],[398.513,-93.518],[410.103,-60.701],[402.874,-33.965]],"c":true},"ix":2},"nm":"d","mn":"ADBE Vector Shape - Group","hd":false},{"ty":"mm","mm":1,"nm":"Merge Paths 1","mn":"ADBE Vector Filter - Merge","hd":false},{"ty":"fl","c":{"a":0,"k":[1,0.792156922583,0.125490196078,1],"ix":4},"o":{"a":0,"k":100,"ix":5},"r":1,"bm":0,"nm":"Fill 1","mn":"ADBE Vector Graphic - Fill","hd":false},{"ty":"tr","p":{"a":0,"k":[0,0],"ix":2},"a":{"a":0,"k":[0,0],"ix":1},"s":{"a":0,"k":[100,100],"ix":3},"r":{"a":0,"k":0,"ix":6},"o":{"a":0,"k":99,"ix":7},"sk":{"a":0,"k":0,"ix":4},"sa":{"a":0,"k":0,"ix":5},"nm":"Transform"}],"nm":"d","np":5,"cix":2,"bm":0,"ix":3,"mn":"ADBE Vector Group","hd":false},{"ty":"rd","nm":"Round Corners 1","r":{"a":0,"k":10,"ix":1},"ix":4,"mn":"ADBE Vector Filter - RC","hd":false}],"ip":0,"op":3327,"st":0,"bm":0},{"ddd":0,"ind":4,"ty":4,"nm":" Bank 2 Outlines","sr":1,"ks":{"o":{"a":1,"k":[{"i":{"x":[0.576],"y":[1]},"o":{"x":[0.23],"y":[0]},"t":0,"s":[100]},{"t":6,"s":[100]}],"ix":11},"r":{"a":0,"k":0,"ix":10},"p":{"a":1,"k":[{"i":{"x":0.667,"y":1},"o":{"x":0.3,"y":0},"t":49,"s":[169.18,500,0],"to":[0,0,0],"ti":[-16.068,6.5,0]},{"t":58,"s":[265.586,461,0]}],"ix":2},"a":{"a":0,"k":[0,0,0],"ix":1},"s":{"a":1,"k":[{"i":{"x":[0.667,0.667,0.667],"y":[1,1,1]},"o":{"x":[0.333,0.333,0.333],"y":[0,0,0]},"t":0,"s":[0,0,100]},{"i":{"x":[0.667,0.667,0.667],"y":[1,1,1]},"o":{"x":[0.333,0.333,0.333],"y":[0,0,0]},"t":4,"s":[108,108,100]},{"i":{"x":[0.833,0.833,0.833],"y":[1,1,1]},"o":{"x":[0.333,0.333,0.333],"y":[0,0,0]},"t":6,"s":[100,100,100]},{"i":{"x":[0.667,0.667,0.667],"y":[1,1,1]},"o":{"x":[0.333,0.333,0.333],"y":[0,0,0]},"t":49,"s":[100,100,100]},{"t":58,"s":[81,81,100]}],"ix":6}},"ao":0,"shapes":[{"ty":"gr","it":[{"ind":0,"ty":"sh","ix":1,"ks":{"a":0,"k":{"i":[[0,0],[-4.513,-1.519],[0,-6.805],[3.956,-2.411],[6.344,0],[0,0],[0,0]],"o":[[6.997,0],[5.232,2.181],[0,6.146],[-3.957,2.413],[0,0],[0,0],[0,0]],"v":[[65.92,42.271],[83.186,44.55],[91.034,58.031],[85.099,70.867],[69.648,74.485],[34.138,74.485],[34.138,42.271]],"c":true},"ix":2},"nm":"B","mn":"ADBE Vector Shape - Group","hd":false},{"ind":1,"ty":"sh","ix":2,"ks":{"a":0,"k":{"i":[[0,0],[-3.463,-1.586],[0,-7.598],[6.401,-3.172],[6.334,0],[0,0],[0,0]],"o":[[6.271,0.067],[6.204,2.842],[0,8.988],[-3.528,1.719],[0,0],[0,0],[0,0]],"v":[[70.099,98.67],[84.699,101.148],[94.007,116.81],[84.405,135.048],[69.61,137.625],[34.138,137.625],[34.138,98.67]],"c":true},"ix":2},"nm":"B","mn":"ADBE Vector Shape - Group","hd":false},{"ind":2,"ty":"sh","ix":3,"ks":{"a":0,"k":{"i":[[17.815,0.265],[0,0],[0,0],[0,0],[-6.341,1.323],[-4.665,3.568],[-2.76,4.56],[0,8.658],[3.794,5.882],[7.456,2.71],[-2.521,3.04],[0,8.921],[4.47,6.212]],"o":[[0,0],[0,0],[0,0],[7.423,0],[6.341,-1.321],[4.138,-3.105],[4.337,-6.872],[0,-8.391],[-3.794,-5.881],[4.908,-2.511],[4.51,-5.418],[0,-8.656],[-7.428,-10.11]],"v":[[75.603,16.896],[4.997,16.896],[4.997,163],[70.828,163],[91.474,161.018],[107.982,153.683],[118.329,142.185],[124.834,118.891],[119.142,97.481],[102.265,84.595],[113.409,76.269],[120.175,54.76],[113.469,32.458]],"c":true},"ix":2},"nm":"B","mn":"ADBE Vector Shape - Group","hd":false},{"ty":"mm","mm":1,"nm":"Merge Paths 1","mn":"ADBE Vector Filter - Merge","hd":false},{"ty":"fl","c":{"a":0,"k":[0.313725490196,0.309803921569,0.380392186782,1],"ix":4},"o":{"a":0,"k":100,"ix":5},"r":1,"bm":0,"nm":"Fill 1","mn":"ADBE Vector Graphic - Fill","hd":false},{"ty":"st","c":{"a":0,"k":[0,0,0,1],"ix":3},"o":{"a":0,"k":100,"ix":4},"w":{"a":0,"k":1,"ix":5},"lc":1,"lj":1,"ml":4,"bm":0,"nm":"Stroke 1","mn":"ADBE Vector Graphic - Stroke","hd":false},{"ty":"tr","p":{"a":0,"k":[0,0],"ix":2},"a":{"a":0,"k":[0,0],"ix":1},"s":{"a":0,"k":[100,100],"ix":3},"r":{"a":0,"k":0,"ix":6},"o":{"a":0,"k":99,"ix":7},"sk":{"a":0,"k":0,"ix":4},"sa":{"a":0,"k":0,"ix":5},"nm":"Transform"}],"nm":"B","np":6,"cix":2,"bm":0,"ix":1,"mn":"ADBE Vector Group","hd":false},{"ty":"gr","it":[{"ind":0,"ty":"sh","ix":1,"ks":{"a":0,"k":{"i":[[0,0],[0,0],[0,0]],"o":[[0,0],[0,0],[0,0]],"v":[[209.83,50.299],[228.287,107.79],[190.869,107.79]],"c":true},"ix":2},"nm":"a","mn":"ADBE Vector Shape - Group","hd":false},{"ind":1,"ty":"sh","ix":2,"ks":{"a":0,"k":{"i":[[0,0],[0,0],[0,0],[0,0],[0,0],[0,0],[0,0],[0,0]],"o":[[0,0],[0,0],[0,0],[0,0],[0,0],[0,0],[0,0],[0,0]],"v":[[140.726,163],[172.66,163],[182.564,132.966],[236.368,132.966],[246.01,163],[279.116,163],[227.424,16.896],[192.881,16.896]],"c":true},"ix":2},"nm":"a","mn":"ADBE Vector Shape - Group","hd":false},{"ty":"mm","mm":1,"nm":"Merge Paths 1","mn":"ADBE Vector Filter - Merge","hd":false},{"ty":"fl","c":{"a":0,"k":[0.313725490196,0.309803921569,0.380392186782,1],"ix":4},"o":{"a":0,"k":100,"ix":5},"r":1,"bm":0,"nm":"Fill 1","mn":"ADBE Vector Graphic - Fill","hd":false},{"ty":"st","c":{"a":0,"k":[0,0,0,1],"ix":3},"o":{"a":0,"k":100,"ix":4},"w":{"a":0,"k":1,"ix":5},"lc":1,"lj":1,"ml":4,"bm":0,"nm":"Stroke 1","mn":"ADBE Vector Graphic - Stroke","hd":false},{"ty":"tr","p":{"a":0,"k":[0,0],"ix":2},"a":{"a":0,"k":[0,0],"ix":1},"s":{"a":0,"k":[100,100],"ix":3},"r":{"a":0,"k":0,"ix":6},"o":{"a":0,"k":99,"ix":7},"sk":{"a":0,"k":0,"ix":4},"sa":{"a":0,"k":0,"ix":5},"nm":"Transform"}],"nm":"a","np":5,"cix":2,"bm":0,"ix":2,"mn":"ADBE Vector Group","hd":false},{"ty":"gr","it":[{"ind":0,"ty":"sh","ix":1,"ks":{"a":0,"k":{"i":[[0,0],[0,0],[0,0],[0,0],[0,0],[0,0],[0,0],[0,0],[0,0],[0,0]],"o":[[0,0],[0,0],[0,0],[0,0],[0,0],[0,0],[0,0],[0,0],[0,0],[0,0]],"v":[[297.206,163],[325.653,163],[325.653,59.333],[385.132,163],[415.655,163],[415.655,16.896],[387.208,16.896],[387.208,118.77],[329.211,16.896],[297.206,16.896]],"c":true},"ix":2},"nm":"n","mn":"ADBE Vector Shape - Group","hd":false},{"ty":"fl","c":{"a":0,"k":[0.313725490196,0.309803921569,0.380392186782,1],"ix":4},"o":{"a":0,"k":100,"ix":5},"r":1,"bm":0,"nm":"Fill 1","mn":"ADBE Vector Graphic - Fill","hd":false},{"ty":"st","c":{"a":0,"k":[0,0,0,1],"ix":3},"o":{"a":0,"k":100,"ix":4},"w":{"a":0,"k":1,"ix":5},"lc":1,"lj":1,"ml":4,"bm":0,"nm":"Stroke 1","mn":"ADBE Vector Graphic - Stroke","hd":false},{"ty":"tr","p":{"a":0,"k":[0,0],"ix":2},"a":{"a":0,"k":[0,0],"ix":1},"s":{"a":0,"k":[100,100],"ix":3},"r":{"a":0,"k":0,"ix":6},"o":{"a":0,"k":99,"ix":7},"sk":{"a":0,"k":0,"ix":4},"sa":{"a":0,"k":0,"ix":5},"nm":"Transform"}],"nm":"n","np":3,"cix":2,"bm":0,"ix":3,"mn":"ADBE Vector Group","hd":false},{"ty":"gr","it":[{"ind":0,"ty":"sh","ix":1,"ks":{"a":0,"k":{"i":[[0,0],[0,0],[0,0],[0,0],[0,0],[0,0],[0,0],[0,0],[0,0],[0,0],[0,0],[0,0]],"o":[[0,0],[0,0],[0,0],[0,0],[0,0],[0,0],[0,0],[0,0],[0,0],[0,0],[0,0],[0,0]],"v":[[444.797,163],[474.831,163],[474.831,114.133],[489.535,99.223],[534.549,163],[573.803,163],[510.773,76.985],[570.729,16.896],[531.28,16.896],[474.831,77.095],[474.831,16.896],[444.797,16.896]],"c":true},"ix":2},"nm":"k","mn":"ADBE Vector Shape - Group","hd":false},{"ty":"fl","c":{"a":0,"k":[0.313725490196,0.309803921569,0.380392186782,1],"ix":4},"o":{"a":0,"k":100,"ix":5},"r":1,"bm":0,"nm":"Fill 1","mn":"ADBE Vector Graphic - Fill","hd":false},{"ty":"st","c":{"a":0,"k":[0,0,0,1],"ix":3},"o":{"a":0,"k":100,"ix":4},"w":{"a":0,"k":1,"ix":5},"lc":1,"lj":1,"ml":4,"bm":0,"nm":"Stroke 1","mn":"ADBE Vector Graphic - Stroke","hd":false},{"ty":"tr","p":{"a":0,"k":[0,0],"ix":2},"a":{"a":0,"k":[0,0],"ix":1},"s":{"a":0,"k":[100,100],"ix":3},"r":{"a":0,"k":0,"ix":6},"o":{"a":0,"k":99,"ix":7},"sk":{"a":0,"k":0,"ix":4},"sa":{"a":0,"k":0,"ix":5},"nm":"Transform"}],"nm":"k","np":3,"cix":2,"bm":0,"ix":4,"mn":"ADBE Vector Group","hd":false},{"ty":"rd","nm":"Round Corners 1","r":{"a":0,"k":10,"ix":1},"ix":5,"mn":"ADBE Vector Filter - RC","hd":false}],"ip":0,"op":3327,"st":0,"bm":0},{"ddd":0,"ind":8,"ty":4,"nm":"Bank_Bottom 3","sr":1,"ks":{"o":{"a":0,"k":100,"ix":11},"r":{"a":0,"k":0,"ix":10},"p":{"a":0,"k":[498.741,487.406,0],"ix":2},"a":{"a":0,"k":[0,0,0],"ix":1},"s":{"a":0,"k":[100,100,100],"ix":6}},"ao":0,"shapes":[{"ty":"gr","it":[{"ty":"gr","it":[{"ind":0,"ty":"sh","ix":1,"ks":{"a":0,"k":{"i":[[0,0],[0,0]],"o":[[0,0],[0,0]],"v":[[-200.929,50.25],[199.785,50.125]],"c":false},"ix":2},"nm":"Triangle","mn":"ADBE Vector Shape - Group","hd":false},{"ind":1,"ty":"sh","ix":2,"ks":{"a":0,"k":{"i":[[0,0],[0,0]],"o":[[0,0],[0,0]],"v":[[-161.177,283.408],[-161.177,50.106]],"c":true},"ix":2},"nm":"Rectangle","mn":"ADBE Vector Shape - Group","hd":false},{"ind":2,"ty":"sh","ix":3,"ks":{"a":0,"k":{"i":[[0,0],[0,0]],"o":[[0,0],[0,0]],"v":[[159.823,57.804],[160.386,125.805]],"c":true},"ix":2},"nm":"Path 3","mn":"ADBE Vector Shape - Group","hd":false},{"ind":3,"ty":"sh","ix":4,"ks":{"a":0,"k":{"i":[[0,0],[0,0]],"o":[[0,0],[0,0]],"v":[[-50.811,154.021],[-50.811,286.287]],"c":true},"ix":2},"nm":"Path 5","mn":"ADBE Vector Shape - Group","hd":false},{"ind":4,"ty":"sh","ix":5,"ks":{"a":0,"k":{"i":[[0,0],[0,0]],"o":[[0,0],[0,0]],"v":[[41.473,152.35],[41.473,283.866]],"c":true},"ix":2},"nm":"Path 6","mn":"ADBE Vector Shape - Group","hd":false},{"ind":5,"ty":"sh","ix":6,"ks":{"a":0,"k":{"i":[[0,0],[0,0]],"o":[[0,0],[0,0]],"v":[[-210.677,291.685],[119.935,290.958]],"c":true},"ix":2},"nm":"Path 7","mn":"ADBE Vector Shape - Group","hd":false},{"ty":"tm","s":{"a":1,"k":[{"i":{"x":[0.667],"y":[1]},"o":{"x":[0.824],"y":[0]},"t":49,"s":[0]},{"t":58,"s":[0]}],"ix":1},"e":{"a":1,"k":[{"i":{"x":[0.667],"y":[1]},"o":{"x":[0.824],"y":[0]},"t":49,"s":[0]},{"t":58,"s":[100]}],"ix":2},"o":{"a":0,"k":0,"ix":3},"m":1,"ix":8,"nm":"Trim Paths 1","mn":"ADBE Vector Filter - Trim","hd":false},{"ty":"st","c":{"a":0,"k":[0.061709258705,0.139906823635,0.249383419752,1],"ix":3},"o":{"a":0,"k":100,"ix":4},"w":{"a":0,"k":27,"ix":5},"lc":2,"lj":2,"bm":0,"nm":"Stroke 1","mn":"ADBE Vector Graphic - Stroke","hd":false},{"ty":"tr","p":{"a":0,"k":[-18,-165],"ix":2},"a":{"a":0,"k":[0,0],"ix":1},"s":{"a":0,"k":[207.846,207.846],"ix":3},"r":{"a":0,"k":0,"ix":6},"o":{"a":0,"k":100,"ix":7},"sk":{"a":0,"k":0,"ix":4},"sa":{"a":0,"k":0,"ix":5},"nm":"Transform"}],"nm":"Shape 1","np":10,"cix":2,"bm":0,"ix":1,"mn":"ADBE Vector Group","hd":false},{"ty":"tr","p":{"a":0,"k":[-29.32,189.692],"ix":2},"a":{"a":0,"k":[-29.32,189.692],"ix":1},"s":{"a":0,"k":[100,100],"ix":3},"r":{"a":0,"k":0,"ix":6},"o":{"a":0,"k":100,"ix":7},"sk":{"a":0,"k":0,"ix":4},"sa":{"a":0,"k":0,"ix":5},"nm":"Transform"}],"nm":"Group 1","np":1,"cix":2,"bm":0,"ix":1,"mn":"ADBE Vector Group","hd":false},{"ty":"gr","it":[{"ty":"rc","d":1,"s":{"a":0,"k":[1000,590],"ix":2},"p":{"a":0,"k":[0,219],"ix":3},"r":{"a":0,"k":0,"ix":4},"nm":"Rectangle Path 1","mn":"ADBE Vector Shape - Rect","hd":false},{"ty":"fl","c":{"a":0,"k":[0.929411768913,0.933333337307,0.945098042488,1],"ix":4},"o":{"a":0,"k":100,"ix":5},"r":1,"bm":0,"nm":"Fill 1","mn":"ADBE Vector Graphic - Fill","hd":false},{"ty":"tr","p":{"a":0,"k":[0,0],"ix":2},"a":{"a":0,"k":[0,0],"ix":1},"s":{"a":0,"k":[100,100],"ix":3},"r":{"a":0,"k":0,"ix":6},"o":{"a":0,"k":100,"ix":7},"sk":{"a":0,"k":0,"ix":4},"sa":{"a":0,"k":0,"ix":5},"nm":"Transform"}],"nm":"Group 2","np":2,"cix":2,"bm":0,"ix":2,"mn":"ADBE Vector Group","hd":false}],"ip":0,"op":3327,"st":0,"bm":0},{"ddd":0,"ind":10,"ty":4,"nm":"Coin 3","sr":1,"ks":{"o":{"a":0,"k":100,"ix":11},"r":{"a":0,"k":0,"ix":10},"p":{"a":1,"k":[{"i":{"x":0.667,"y":1},"o":{"x":0.866,"y":0},"t":91,"s":[500,-180,0],"to":[0,125,0],"ti":[0,-125,0]},{"t":112,"s":[500,570,0]}],"ix":2},"a":{"a":0,"k":[0,0,0],"ix":1},"s":{"a":0,"k":[100,100,100],"ix":6}},"ao":0,"shapes":[{"ty":"gr","it":[{"ind":0,"ty":"sh","ix":1,"ks":{"a":0,"k":{"i":[[0,0],[0,0],[0,0],[0,0],[0,0],[-4.629,1.416],[-3.978,2.564],[-2.908,4.056],[-1.302,6.121],[0,0],[0,0],[0,0],[0.305,1.072],[0.382,1.225],[0.344,1.033],[0.152,0.459],[0,0],[-0.843,1.913],[-0.957,2.257],[-0.803,1.913],[-0.536,1.302],[0.075,0.077],[0,0],[0.803,-1.033],[1.185,-1.644],[1.415,-2.026],[1.377,-1.911],[1.147,-1.644],[0.611,-0.918],[0,0],[-1.798,-0.803],[-1.531,-1.185],[-0.957,-1.3],[0,-0.993],[0,0],[1.682,-2.829],[1.492,-2.714],[0.918,-2.218],[0,0],[2.447,-1.721],[2.754,-0.764],[3.059,-0.075],[3.288,0],[1.567,-0.038],[1.721,0],[1.567,0],[0.764,0]],"o":[[0,0],[0,0],[0,0],[0,0],[4.742,-0.764],[4.628,-1.415],[3.977,-2.562],[2.906,-4.054],[0,0],[0,0],[0,0],[-0.077,-0.459],[-0.307,-1.07],[-0.384,-1.223],[-0.344,-1.033],[0,0],[1.223,-2.6],[0.841,-1.911],[0.956,-2.255],[0.803,-1.911],[0.534,-1.3],[0,0],[-0.077,0],[-0.803,1.033],[-1.187,1.646],[-1.416,2.028],[-1.377,1.913],[-1.147,1.646],[0,0],[1.606,0],[1.796,0.803],[1.529,1.187],[0.956,1.302],[0,0],[-1.836,2.831],[-1.454,2.449],[-1.492,2.716],[0,0],[-2.065,3.29],[-2.449,1.721],[-2.754,0.766],[-3.061,0.077],[-0.766,0],[-1.569,0.039],[-1.721,0],[-1.569,0],[0,0]],"v":[[-51.824,17.874],[3.713,91.885],[36.072,91.885],[36.072,82.591],[-10.745,18.104],[3.312,14.833],[16.22,8.866],[26.548,-1.059],[32.859,-16.32],[47.776,-16.32],[61.889,-39.958],[31.826,-39.958],[31.252,-42.253],[30.219,-45.695],[29.129,-49.08],[28.384,-51.318],[41.12,-51.318],[44.219,-58.088],[46.915,-64.342],[49.554,-70.595],[51.562,-75.415],[52.251,-77.48],[-39.661,-77.48],[-40.98,-75.931],[-43.964,-71.915],[-47.865,-66.407],[-52.053,-60.498],[-55.84,-55.162],[-58.479,-51.318],[-21.531,-51.318],[-16.425,-50.113],[-11.433,-47.13],[-7.704,-43.4],[-6.27,-39.958],[-43.792,-39.958],[-49.07,-31.467],[-53.488,-23.721],[-57.102,-16.32],[-2.139,-16.32],[-8.909,-8.804],[-16.712,-5.075],[-25.432,-3.813],[-34.956,-3.698],[-38.456,-3.641],[-43.39,-3.583],[-48.324,-3.583],[-51.824,-3.583]],"c":true},"ix":2},"nm":"₹","mn":"ADBE Vector Shape - Group","hd":false},{"ty":"st","c":{"a":0,"k":[1,1,1,1],"ix":3},"o":{"a":0,"k":100,"ix":4},"w":{"a":0,"k":2,"ix":5},"lc":1,"lj":1,"ml":4,"bm":0,"nm":"Stroke 1","mn":"ADBE Vector Graphic - Stroke","hd":false},{"ty":"fl","c":{"a":0,"k":[0.68706458807,0.543446302414,0.087614409626,1],"ix":4},"o":{"a":0,"k":100,"ix":5},"r":1,"bm":0,"nm":"Fill 1","mn":"ADBE Vector Graphic - Fill","hd":false},{"ty":"tr","p":{"a":0,"k":[0,0],"ix":2},"a":{"a":0,"k":[0,0],"ix":1},"s":{"a":0,"k":[100,100],"ix":3},"r":{"a":0,"k":0,"ix":6},"o":{"a":0,"k":100,"ix":7},"sk":{"a":0,"k":0,"ix":4},"sa":{"a":0,"k":0,"ix":5},"nm":"Transform"}],"nm":"Group 1","np":3,"cix":2,"bm":0,"ix":1,"mn":"ADBE Vector Group","hd":false},{"ty":"gr","it":[{"d":1,"ty":"el","s":{"a":0,"k":[329,329],"ix":2},"p":{"a":0,"k":[0,0],"ix":3},"nm":"Ellipse Path 1","mn":"ADBE Vector Shape - Ellipse","hd":false},{"ty":"st","c":{"a":0,"k":[0.850489258766,0.671369194984,0.096832863986,1],"ix":3},"o":{"a":0,"k":100,"ix":4},"w":{"a":0,"k":17,"ix":5},"lc":1,"lj":1,"ml":4,"bm":0,"nm":"Stroke 1","mn":"ADBE Vector Graphic - Stroke","hd":false},{"ty":"st","c":{"a":0,"k":[1,1,1,1],"ix":3},"o":{"a":0,"k":100,"ix":4},"w":{"a":0,"k":21,"ix":5},"lc":1,"lj":1,"ml":4,"bm":0,"nm":"Stroke 2","mn":"ADBE Vector Graphic - Stroke","hd":false},{"ty":"fl","c":{"a":0,"k":[1,0.792156934738,0.1254902035,1],"ix":4},"o":{"a":0,"k":100,"ix":5},"r":1,"bm":0,"nm":"Fill 1","mn":"ADBE Vector Graphic - Fill","hd":false},{"ty":"tr","p":{"a":0,"k":[0,0],"ix":2},"a":{"a":0,"k":[0,0],"ix":1},"s":{"a":0,"k":[100,100],"ix":3},"r":{"a":0,"k":0,"ix":6},"o":{"a":0,"k":100,"ix":7},"sk":{"a":0,"k":0,"ix":4},"sa":{"a":0,"k":0,"ix":5},"nm":"Transform"}],"nm":"Group 2","np":4,"cix":2,"bm":0,"ix":2,"mn":"ADBE Vector Group","hd":false}],"ip":91,"op":3372,"st":45,"bm":0},{"ddd":0,"ind":11,"ty":4,"nm":"Coin 2","sr":1,"ks":{"o":{"a":0,"k":100,"ix":11},"r":{"a":0,"k":0,"ix":10},"p":{"a":1,"k":[{"i":{"x":0.667,"y":1},"o":{"x":0.866,"y":0},"t":79,"s":[500,-180,0],"to":[0,125,0],"ti":[0,-125,0]},{"t":100,"s":[500,570,0]}],"ix":2},"a":{"a":0,"k":[0,0,0],"ix":1},"s":{"a":0,"k":[100,100,100],"ix":6}},"ao":0,"shapes":[{"ty":"gr","it":[{"ind":0,"ty":"sh","ix":1,"ks":{"a":0,"k":{"i":[[0,0],[0,0],[0,0],[0,0],[0,0],[-4.629,1.416],[-3.978,2.564],[-2.908,4.056],[-1.302,6.121],[0,0],[0,0],[0,0],[0.305,1.072],[0.382,1.225],[0.344,1.033],[0.152,0.459],[0,0],[-0.843,1.913],[-0.957,2.257],[-0.803,1.913],[-0.536,1.302],[0.075,0.077],[0,0],[0.803,-1.033],[1.185,-1.644],[1.415,-2.026],[1.377,-1.911],[1.147,-1.644],[0.611,-0.918],[0,0],[-1.798,-0.803],[-1.531,-1.185],[-0.957,-1.3],[0,-0.993],[0,0],[1.682,-2.829],[1.492,-2.714],[0.918,-2.218],[0,0],[2.447,-1.721],[2.754,-0.764],[3.059,-0.075],[3.288,0],[1.567,-0.038],[1.721,0],[1.567,0],[0.764,0]],"o":[[0,0],[0,0],[0,0],[0,0],[4.742,-0.764],[4.628,-1.415],[3.977,-2.562],[2.906,-4.054],[0,0],[0,0],[0,0],[-0.077,-0.459],[-0.307,-1.07],[-0.384,-1.223],[-0.344,-1.033],[0,0],[1.223,-2.6],[0.841,-1.911],[0.956,-2.255],[0.803,-1.911],[0.534,-1.3],[0,0],[-0.077,0],[-0.803,1.033],[-1.187,1.646],[-1.416,2.028],[-1.377,1.913],[-1.147,1.646],[0,0],[1.606,0],[1.796,0.803],[1.529,1.187],[0.956,1.302],[0,0],[-1.836,2.831],[-1.454,2.449],[-1.492,2.716],[0,0],[-2.065,3.29],[-2.449,1.721],[-2.754,0.766],[-3.061,0.077],[-0.766,0],[-1.569,0.039],[-1.721,0],[-1.569,0],[0,0]],"v":[[-51.824,17.874],[3.713,91.885],[36.072,91.885],[36.072,82.591],[-10.745,18.104],[3.312,14.833],[16.22,8.866],[26.548,-1.059],[32.859,-16.32],[47.776,-16.32],[61.889,-39.958],[31.826,-39.958],[31.252,-42.253],[30.219,-45.695],[29.129,-49.08],[28.384,-51.318],[41.12,-51.318],[44.219,-58.088],[46.915,-64.342],[49.554,-70.595],[51.562,-75.415],[52.251,-77.48],[-39.661,-77.48],[-40.98,-75.931],[-43.964,-71.915],[-47.865,-66.407],[-52.053,-60.498],[-55.84,-55.162],[-58.479,-51.318],[-21.531,-51.318],[-16.425,-50.113],[-11.433,-47.13],[-7.704,-43.4],[-6.27,-39.958],[-43.792,-39.958],[-49.07,-31.467],[-53.488,-23.721],[-57.102,-16.32],[-2.139,-16.32],[-8.909,-8.804],[-16.712,-5.075],[-25.432,-3.813],[-34.956,-3.698],[-38.456,-3.641],[-43.39,-3.583],[-48.324,-3.583],[-51.824,-3.583]],"c":true},"ix":2},"nm":"₹","mn":"ADBE Vector Shape - Group","hd":false},{"ty":"st","c":{"a":0,"k":[1,1,1,1],"ix":3},"o":{"a":0,"k":100,"ix":4},"w":{"a":0,"k":2,"ix":5},"lc":1,"lj":1,"ml":4,"bm":0,"nm":"Stroke 1","mn":"ADBE Vector Graphic - Stroke","hd":false},{"ty":"fl","c":{"a":0,"k":[0.68706458807,0.543446302414,0.087614409626,1],"ix":4},"o":{"a":0,"k":100,"ix":5},"r":1,"bm":0,"nm":"Fill 1","mn":"ADBE Vector Graphic - Fill","hd":false},{"ty":"tr","p":{"a":0,"k":[0,0],"ix":2},"a":{"a":0,"k":[0,0],"ix":1},"s":{"a":0,"k":[100,100],"ix":3},"r":{"a":0,"k":0,"ix":6},"o":{"a":0,"k":100,"ix":7},"sk":{"a":0,"k":0,"ix":4},"sa":{"a":0,"k":0,"ix":5},"nm":"Transform"}],"nm":"Group 1","np":3,"cix":2,"bm":0,"ix":1,"mn":"ADBE Vector Group","hd":false},{"ty":"gr","it":[{"d":1,"ty":"el","s":{"a":0,"k":[329,329],"ix":2},"p":{"a":0,"k":[0,0],"ix":3},"nm":"Ellipse Path 1","mn":"ADBE Vector Shape - Ellipse","hd":false},{"ty":"st","c":{"a":0,"k":[0.850489258766,0.671369194984,0.096832863986,1],"ix":3},"o":{"a":0,"k":100,"ix":4},"w":{"a":0,"k":17,"ix":5},"lc":1,"lj":1,"ml":4,"bm":0,"nm":"Stroke 1","mn":"ADBE Vector Graphic - Stroke","hd":false},{"ty":"st","c":{"a":0,"k":[1,1,1,1],"ix":3},"o":{"a":0,"k":100,"ix":4},"w":{"a":0,"k":21,"ix":5},"lc":1,"lj":1,"ml":4,"bm":0,"nm":"Stroke 2","mn":"ADBE Vector Graphic - Stroke","hd":false},{"ty":"fl","c":{"a":0,"k":[1,0.792156934738,0.1254902035,1],"ix":4},"o":{"a":0,"k":100,"ix":5},"r":1,"bm":0,"nm":"Fill 1","mn":"ADBE Vector Graphic - Fill","hd":false},{"ty":"tr","p":{"a":0,"k":[0,0],"ix":2},"a":{"a":0,"k":[0,0],"ix":1},"s":{"a":0,"k":[100,100],"ix":3},"r":{"a":0,"k":0,"ix":6},"o":{"a":0,"k":100,"ix":7},"sk":{"a":0,"k":0,"ix":4},"sa":{"a":0,"k":0,"ix":5},"nm":"Transform"}],"nm":"Group 2","np":4,"cix":2,"bm":0,"ix":2,"mn":"ADBE Vector Group","hd":false}],"ip":79,"op":3360,"st":33,"bm":0},{"ddd":0,"ind":12,"ty":4,"nm":"Coin","sr":1,"ks":{"o":{"a":0,"k":100,"ix":11},"r":{"a":0,"k":0,"ix":10},"p":{"a":1,"k":[{"i":{"x":0.667,"y":1},"o":{"x":0.866,"y":0},"t":68,"s":[500,-180,0],"to":[0,125,0],"ti":[0,-125,0]},{"t":88,"s":[500,570,0]}],"ix":2},"a":{"a":0,"k":[0,0,0],"ix":1},"s":{"a":0,"k":[100,100,100],"ix":6}},"ao":0,"shapes":[{"ty":"gr","it":[{"ind":0,"ty":"sh","ix":1,"ks":{"a":0,"k":{"i":[[0,0],[0,0],[0,0],[0,0],[0,0],[-4.629,1.416],[-3.978,2.564],[-2.908,4.056],[-1.302,6.121],[0,0],[0,0],[0,0],[0.305,1.072],[0.382,1.225],[0.344,1.033],[0.152,0.459],[0,0],[-0.843,1.913],[-0.957,2.257],[-0.803,1.913],[-0.536,1.302],[0.075,0.077],[0,0],[0.803,-1.033],[1.185,-1.644],[1.415,-2.026],[1.377,-1.911],[1.147,-1.644],[0.611,-0.918],[0,0],[-1.798,-0.803],[-1.531,-1.185],[-0.957,-1.3],[0,-0.993],[0,0],[1.682,-2.829],[1.492,-2.714],[0.918,-2.218],[0,0],[2.447,-1.721],[2.754,-0.764],[3.059,-0.075],[3.288,0],[1.567,-0.038],[1.721,0],[1.567,0],[0.764,0]],"o":[[0,0],[0,0],[0,0],[0,0],[4.742,-0.764],[4.628,-1.415],[3.977,-2.562],[2.906,-4.054],[0,0],[0,0],[0,0],[-0.077,-0.459],[-0.307,-1.07],[-0.384,-1.223],[-0.344,-1.033],[0,0],[1.223,-2.6],[0.841,-1.911],[0.956,-2.255],[0.803,-1.911],[0.534,-1.3],[0,0],[-0.077,0],[-0.803,1.033],[-1.187,1.646],[-1.416,2.028],[-1.377,1.913],[-1.147,1.646],[0,0],[1.606,0],[1.796,0.803],[1.529,1.187],[0.956,1.302],[0,0],[-1.836,2.831],[-1.454,2.449],[-1.492,2.716],[0,0],[-2.065,3.29],[-2.449,1.721],[-2.754,0.766],[-3.061,0.077],[-0.766,0],[-1.569,0.039],[-1.721,0],[-1.569,0],[0,0]],"v":[[-51.824,17.874],[3.713,91.885],[36.072,91.885],[36.072,82.591],[-10.745,18.104],[3.312,14.833],[16.22,8.866],[26.548,-1.059],[32.859,-16.32],[47.776,-16.32],[61.889,-39.958],[31.826,-39.958],[31.252,-42.253],[30.219,-45.695],[29.129,-49.08],[28.384,-51.318],[41.12,-51.318],[44.219,-58.088],[46.915,-64.342],[49.554,-70.595],[51.562,-75.415],[52.251,-77.48],[-39.661,-77.48],[-40.98,-75.931],[-43.964,-71.915],[-47.865,-66.407],[-52.053,-60.498],[-55.84,-55.162],[-58.479,-51.318],[-21.531,-51.318],[-16.425,-50.113],[-11.433,-47.13],[-7.704,-43.4],[-6.27,-39.958],[-43.792,-39.958],[-49.07,-31.467],[-53.488,-23.721],[-57.102,-16.32],[-2.139,-16.32],[-8.909,-8.804],[-16.712,-5.075],[-25.432,-3.813],[-34.956,-3.698],[-38.456,-3.641],[-43.39,-3.583],[-48.324,-3.583],[-51.824,-3.583]],"c":true},"ix":2},"nm":"₹","mn":"ADBE Vector Shape - Group","hd":false},{"ty":"st","c":{"a":0,"k":[1,1,1,1],"ix":3},"o":{"a":0,"k":100,"ix":4},"w":{"a":0,"k":2,"ix":5},"lc":1,"lj":1,"ml":4,"bm":0,"nm":"Stroke 1","mn":"ADBE Vector Graphic - Stroke","hd":false},{"ty":"fl","c":{"a":0,"k":[0.68706458807,0.543446302414,0.087614409626,1],"ix":4},"o":{"a":0,"k":100,"ix":5},"r":1,"bm":0,"nm":"Fill 1","mn":"ADBE Vector Graphic - Fill","hd":false},{"ty":"tr","p":{"a":0,"k":[0,0],"ix":2},"a":{"a":0,"k":[0,0],"ix":1},"s":{"a":0,"k":[100,100],"ix":3},"r":{"a":0,"k":0,"ix":6},"o":{"a":0,"k":100,"ix":7},"sk":{"a":0,"k":0,"ix":4},"sa":{"a":0,"k":0,"ix":5},"nm":"Transform"}],"nm":"Group 1","np":3,"cix":2,"bm":0,"ix":1,"mn":"ADBE Vector Group","hd":false},{"ty":"gr","it":[{"d":1,"ty":"el","s":{"a":0,"k":[329,329],"ix":2},"p":{"a":0,"k":[0,0],"ix":3},"nm":"Ellipse Path 1","mn":"ADBE Vector Shape - Ellipse","hd":false},{"ty":"st","c":{"a":0,"k":[0.850489258766,0.671369194984,0.096832863986,1],"ix":3},"o":{"a":0,"k":100,"ix":4},"w":{"a":0,"k":17,"ix":5},"lc":1,"lj":1,"ml":4,"bm":0,"nm":"Stroke 1","mn":"ADBE Vector Graphic - Stroke","hd":false},{"ty":"st","c":{"a":0,"k":[1,1,1,1],"ix":3},"o":{"a":0,"k":100,"ix":4},"w":{"a":0,"k":21,"ix":5},"lc":1,"lj":1,"ml":4,"bm":0,"nm":"Stroke 2","mn":"ADBE Vector Graphic - Stroke","hd":false},{"ty":"fl","c":{"a":0,"k":[1,0.792156934738,0.1254902035,1],"ix":4},"o":{"a":0,"k":100,"ix":5},"r":1,"bm":0,"nm":"Fill 1","mn":"ADBE Vector Graphic - Fill","hd":false},{"ty":"tr","p":{"a":0,"k":[0,0],"ix":2},"a":{"a":0,"k":[0,0],"ix":1},"s":{"a":0,"k":[100,100],"ix":3},"r":{"a":0,"k":0,"ix":6},"o":{"a":0,"k":100,"ix":7},"sk":{"a":0,"k":0,"ix":4},"sa":{"a":0,"k":0,"ix":5},"nm":"Transform"}],"nm":"Group 2","np":4,"cix":2,"bm":0,"ix":2,"mn":"ADBE Vector Group","hd":false}],"ip":67,"op":3348,"st":21,"bm":0},{"ddd":0,"ind":13,"ty":4,"nm":"₹ Outlines 2","sr":1,"ks":{"o":{"a":0,"k":100,"ix":11},"r":{"a":0,"k":0,"ix":10},"p":{"a":0,"k":[488,335,0],"ix":2},"a":{"a":0,"k":[0,0,0],"ix":1},"s":{"a":0,"k":[62,62,100],"ix":6}},"ao":0,"shapes":[{"ty":"gr","it":[{"ind":0,"ty":"sh","ix":1,"ks":{"a":0,"k":{"i":[[0,0],[0,0],[-1.569,0],[-1.721,0],[-1.569,0.039],[-0.766,0],[-3.061,0.077],[-2.754,0.766],[-2.449,1.721],[-2.065,3.29],[0,0],[-1.492,2.716],[-1.454,2.449],[-1.836,2.831],[0,0],[0.956,1.302],[1.529,1.187],[1.796,0.803],[1.606,0],[0,0],[-1.147,1.646],[-1.377,1.913],[-1.416,2.028],[-1.187,1.646],[-0.803,1.033],[-0.077,0],[0,0],[0.534,-1.3],[0.803,-1.911],[0.956,-2.255],[0.841,-1.911],[1.223,-2.6],[0,0],[-0.344,-1.033],[-0.384,-1.223],[-0.307,-1.07],[-0.077,-0.459],[0,0],[0,0],[0,0],[2.906,-4.054],[3.977,-2.562],[4.628,-1.415],[4.742,-0.764],[0,0],[0,0],[0,0]],"o":[[0,0],[0.764,0],[1.567,0],[1.721,0],[1.567,-0.038],[3.288,0],[3.059,-0.075],[2.754,-0.764],[2.447,-1.721],[0,0],[0.918,-2.218],[1.492,-2.714],[1.682,-2.829],[0,0],[0,-0.993],[-0.957,-1.3],[-1.531,-1.185],[-1.798,-0.803],[0,0],[0.611,-0.918],[1.147,-1.644],[1.377,-1.911],[1.415,-2.026],[1.185,-1.644],[0.803,-1.033],[0,0],[0.075,0.077],[-0.536,1.302],[-0.803,1.913],[-0.957,2.257],[-0.843,1.913],[0,0],[0.152,0.459],[0.344,1.033],[0.382,1.225],[0.305,1.072],[0,0],[0,0],[0,0],[-1.302,6.121],[-2.908,4.056],[-3.978,2.564],[-4.629,1.416],[0,0],[0,0],[0,0],[0,0]],"v":[[-55.824,-74.126],[-55.824,-95.583],[-52.324,-95.583],[-47.39,-95.583],[-42.456,-95.641],[-38.956,-95.698],[-29.432,-95.813],[-20.712,-97.075],[-12.909,-100.804],[-6.139,-108.32],[-61.102,-108.32],[-57.488,-115.721],[-53.07,-123.467],[-47.792,-131.958],[-10.27,-131.958],[-11.704,-135.4],[-15.433,-139.13],[-20.425,-142.113],[-25.531,-143.318],[-62.479,-143.318],[-59.84,-147.162],[-56.053,-152.498],[-51.865,-158.407],[-47.964,-163.915],[-44.98,-167.931],[-43.661,-169.48],[48.251,-169.48],[47.562,-167.415],[45.554,-162.595],[42.915,-156.342],[40.219,-150.088],[37.12,-143.318],[24.384,-143.318],[25.129,-141.08],[26.219,-137.695],[27.252,-134.253],[27.826,-131.958],[57.889,-131.958],[43.776,-108.32],[28.859,-108.32],[22.548,-93.059],[12.22,-83.134],[-0.688,-77.167],[-14.745,-73.896],[32.072,-9.409],[32.072,-0.115],[-0.287,-0.115]],"c":true},"ix":2},"nm":"₹","mn":"ADBE Vector Shape - Group","hd":false},{"ty":"fl","c":{"a":0,"k":[0.313725998822,0.309803981407,0.380391977348,1],"ix":4},"o":{"a":0,"k":100,"ix":5},"r":1,"bm":0,"nm":"Fill 1","mn":"ADBE Vector Graphic - Fill","hd":false},{"ty":"tr","p":{"a":0,"k":[0,0],"ix":2},"a":{"a":0,"k":[0,0],"ix":1},"s":{"a":0,"k":[100,100],"ix":3},"r":{"a":0,"k":0,"ix":6},"o":{"a":0,"k":100,"ix":7},"sk":{"a":0,"k":0,"ix":4},"sa":{"a":0,"k":0,"ix":5},"nm":"Transform"}],"nm":"₹","np":3,"cix":2,"bm":0,"ix":1,"mn":"ADBE Vector Group","hd":false},{"ty":"tm","s":{"a":1,"k":[{"i":{"x":[0],"y":[1]},"o":{"x":[0.193],"y":[0]},"t":49,"s":[0]},{"t":58,"s":[0]}],"ix":1},"e":{"a":1,"k":[{"i":{"x":[0],"y":[1]},"o":{"x":[0.193],"y":[0]},"t":49,"s":[0]},{"t":58,"s":[100]}],"ix":2},"o":{"a":0,"k":0,"ix":3},"m":1,"ix":2,"nm":"Trim Paths 1","mn":"ADBE Vector Filter - Trim","hd":false}],"ip":49,"op":3348,"st":21,"bm":0},{"ddd":0,"ind":14,"ty":4,"nm":"₹ Outlines","sr":1,"ks":{"o":{"a":0,"k":100,"ix":11},"r":{"a":0,"k":0,"ix":10},"p":{"a":0,"k":[485,332,0],"ix":2},"a":{"a":0,"k":[0,0,0],"ix":1},"s":{"a":0,"k":[62,62,100],"ix":6}},"ao":0,"shapes":[{"ty":"gr","it":[{"ind":0,"ty":"sh","ix":1,"ks":{"a":0,"k":{"i":[[0,0],[0,0],[-1.569,0],[-1.721,0],[-1.569,0.039],[-0.766,0],[-3.061,0.077],[-2.754,0.766],[-2.449,1.721],[-2.065,3.29],[0,0],[-1.492,2.716],[-1.454,2.449],[-1.836,2.831],[0,0],[0.956,1.302],[1.529,1.187],[1.796,0.803],[1.606,0],[0,0],[-1.147,1.646],[-1.377,1.913],[-1.416,2.028],[-1.187,1.646],[-0.803,1.033],[-0.077,0],[0,0],[0.534,-1.3],[0.803,-1.911],[0.956,-2.255],[0.841,-1.911],[1.223,-2.6],[0,0],[-0.344,-1.033],[-0.384,-1.223],[-0.307,-1.07],[-0.077,-0.459],[0,0],[0,0],[0,0],[2.906,-4.054],[3.977,-2.562],[4.628,-1.415],[4.742,-0.764],[0,0],[0,0],[0,0]],"o":[[0,0],[0.764,0],[1.567,0],[1.721,0],[1.567,-0.038],[3.288,0],[3.059,-0.075],[2.754,-0.764],[2.447,-1.721],[0,0],[0.918,-2.218],[1.492,-2.714],[1.682,-2.829],[0,0],[0,-0.993],[-0.957,-1.3],[-1.531,-1.185],[-1.798,-0.803],[0,0],[0.611,-0.918],[1.147,-1.644],[1.377,-1.911],[1.415,-2.026],[1.185,-1.644],[0.803,-1.033],[0,0],[0.075,0.077],[-0.536,1.302],[-0.803,1.913],[-0.957,2.257],[-0.843,1.913],[0,0],[0.152,0.459],[0.344,1.033],[0.382,1.225],[0.305,1.072],[0,0],[0,0],[0,0],[-1.302,6.121],[-2.908,4.056],[-3.978,2.564],[-4.629,1.416],[0,0],[0,0],[0,0],[0,0]],"v":[[-55.824,-74.126],[-55.824,-95.583],[-52.324,-95.583],[-47.39,-95.583],[-42.456,-95.641],[-38.956,-95.698],[-29.432,-95.813],[-20.712,-97.075],[-12.909,-100.804],[-6.139,-108.32],[-61.102,-108.32],[-57.488,-115.721],[-53.07,-123.467],[-47.792,-131.958],[-10.27,-131.958],[-11.704,-135.4],[-15.433,-139.13],[-20.425,-142.113],[-25.531,-143.318],[-62.479,-143.318],[-59.84,-147.162],[-56.053,-152.498],[-51.865,-158.407],[-47.964,-163.915],[-44.98,-167.931],[-43.661,-169.48],[48.251,-169.48],[47.562,-167.415],[45.554,-162.595],[42.915,-156.342],[40.219,-150.088],[37.12,-143.318],[24.384,-143.318],[25.129,-141.08],[26.219,-137.695],[27.252,-134.253],[27.826,-131.958],[57.889,-131.958],[43.776,-108.32],[28.859,-108.32],[22.548,-93.059],[12.22,-83.134],[-0.688,-77.167],[-14.745,-73.896],[32.072,-9.409],[32.072,-0.115],[-0.287,-0.115]],"c":true},"ix":2},"nm":"₹","mn":"ADBE Vector Shape - Group","hd":false},{"ty":"fl","c":{"a":0,"k":[0.091685600579,0.079052098095,0.306428313255,1],"ix":4},"o":{"a":0,"k":100,"ix":5},"r":1,"bm":0,"nm":"Fill 1","mn":"ADBE Vector Graphic - Fill","hd":false},{"ty":"tr","p":{"a":0,"k":[3,6],"ix":2},"a":{"a":0,"k":[0,0],"ix":1},"s":{"a":0,"k":[100,100],"ix":3},"r":{"a":0,"k":0,"ix":6},"o":{"a":0,"k":100,"ix":7},"sk":{"a":0,"k":0,"ix":4},"sa":{"a":0,"k":0,"ix":5},"nm":"Transform"}],"nm":"₹","np":3,"cix":2,"bm":0,"ix":1,"mn":"ADBE Vector Group","hd":false},{"ty":"tm","s":{"a":1,"k":[{"i":{"x":[0],"y":[1]},"o":{"x":[0.193],"y":[0]},"t":49,"s":[0]},{"t":58,"s":[0]}],"ix":1},"e":{"a":1,"k":[{"i":{"x":[0],"y":[1]},"o":{"x":[0.193],"y":[0]},"t":49,"s":[0]},{"t":58,"s":[100]}],"ix":2},"o":{"a":0,"k":0,"ix":3},"m":1,"ix":2,"nm":"Trim Paths 1","mn":"ADBE Vector Filter - Trim","hd":false}],"ip":49,"op":3348,"st":21,"bm":0},{"ddd":0,"ind":15,"ty":4,"nm":"Bank_Top","sr":1,"ks":{"o":{"a":0,"k":100,"ix":11},"r":{"a":0,"k":0,"ix":10},"p":{"a":0,"k":[498.741,487.406,0],"ix":2},"a":{"a":0,"k":[0,0,0],"ix":1},"s":{"a":0,"k":[100,100,100],"ix":6}},"ao":0,"shapes":[{"ty":"gr","it":[{"ind":0,"ty":"sh","ix":1,"ks":{"a":0,"k":{"i":[[0,0],[0,0],[0,0]],"o":[[0,0],[0,0],[0,0]],"v":[[-200.929,50.25],[0.222,-132],[199.785,50.125]],"c":false},"ix":2},"nm":"Triangle 2","mn":"ADBE Vector Shape - Group","hd":false},{"ty":"tm","s":{"a":1,"k":[{"i":{"x":[0],"y":[1]},"o":{"x":[0.193],"y":[0]},"t":49,"s":[0]},{"t":58,"s":[0]}],"ix":1},"e":{"a":1,"k":[{"i":{"x":[0],"y":[1]},"o":{"x":[0.193],"y":[0]},"t":49,"s":[0]},{"t":58,"s":[100]}],"ix":2},"o":{"a":0,"k":0,"ix":3},"m":1,"ix":2,"nm":"Trim Paths 1","mn":"ADBE Vector Filter - Trim","hd":false},{"ty":"st","c":{"a":0,"k":[0.061709258705,0.139906823635,0.249383419752,1],"ix":3},"o":{"a":0,"k":100,"ix":4},"w":{"a":0,"k":27,"ix":5},"lc":2,"lj":2,"bm":0,"nm":"Stroke 1","mn":"ADBE Vector Graphic - Stroke","hd":false},{"ty":"tr","p":{"a":0,"k":[-18,-165],"ix":2},"a":{"a":0,"k":[0,0],"ix":1},"s":{"a":0,"k":[207.846,207.846],"ix":3},"r":{"a":0,"k":0,"ix":6},"o":{"a":0,"k":100,"ix":7},"sk":{"a":0,"k":0,"ix":4},"sa":{"a":0,"k":0,"ix":5},"nm":"Transform"}],"nm":"Shape 1","np":4,"cix":2,"bm":0,"ix":1,"mn":"ADBE Vector Group","hd":false}],"ip":49,"op":3348,"st":21,"bm":0},{"ddd":0,"ind":18,"ty":4,"nm":"BG_Shape","sr":1,"ks":{"o":{"a":0,"k":100,"ix":11},"r":{"a":0,"k":0,"ix":10},"p":{"a":0,"k":[500,500,0],"ix":2},"a":{"a":0,"k":[0,0,0],"ix":1},"s":{"a":0,"k":[100,100,100],"ix":6}},"ao":0,"shapes":[{"ty":"rc","d":1,"s":{"a":0,"k":[1000,1000],"ix":2},"p":{"a":0,"k":[0,0],"ix":3},"r":{"a":0,"k":0,"ix":4},"nm":"Rectangle Path 1","mn":"ADBE Vector Shape - Rect","hd":false},{"ty":"fl","c":{"a":0,"k":[0.929411768913,0.933333337307,0.945098042488,1],"ix":4},"o":{"a":0,"k":100,"ix":5},"r":1,"bm":0,"nm":"Fill 1","mn":"ADBE Vector Graphic - Fill","hd":false}],"ip":0,"op":3327,"st":0,"bm":0}],"markers":[]}