{
  "v": "5.7.1",
  "fr": 30,
  "ip": 0,
  "op": 60,
  "w": 100,
  "h": 100,
  "nm": "Tip money",
  "ddd": 0,
  "assets": [
    {
      "id": "comp_0",
      "layers": [
        {
          "ddd": 0,
          "ind": 1,
          "ty": 4,
          "nm": "Layer 3 Outlines",
          "sr": 1,
          "ks": {
            "o": {
              "a": 0,
              "k": 100,
              "ix": 11
            },
            "r": {
              "a": 0,
              "k": 0,
              "ix": 10
            },
            "p": {
              "a": 0,
              "k": [
                105.64,
                79.337,
                0
              ],
              "ix": 2
            },
            "a": {
              "a": 0,
              "k": [
                75.17,
                0.617,
                0
              ],
              "ix": 1
            },
            "s": {
              "a": 1,
              "k": [
                {
                  "i": {
                    "x": [
                      0.667,
                      0.667,
                      0.667
                    ],
                    "y": [
                      1,
                      1,
                      1
                    ]
                  },
                  "o": {
                    "x": [
                      0.736,
                      0.736,
                      0.333
                    ],
                    "y": [
                      0,
                      0,
                      0
                    ]
                  },
                  "t": 0,
                  "s": [
                    100,
                    100,
                    100
                  ]
                },
                {
                  "t": 10,
                  "s": [
                    100,
                    0,
                    100
                  ]
                }
              ],
              "ix": 6
            }
          },
          "ao": 0,
          "shapes": [
            {
              "ty": "gr",
              "it": [
                {
                  "ind": 0,
                  "ty": "sh",
                  "ix": 1,
                  "ks": {
                    "a": 0,
                    "k": {
                      "i": [
                        [
                          -1.529,
                          -1.18
                        ],
                        [
                          24.124,
                          -12.637
                        ],
                        [
                          1.816,
                          0.987
                        ],
                        [
                          23.212,
                          12.604
                        ],
                        [
                          -2.1,
                          0
                        ],
                        [
                          0,
                          0
                        ]
                      ],
                      "o": [
                        [
                          -24.133,
                          12.639
                        ],
                        [
                          -1.83,
                          0.958
                        ],
                        [
                          -23.203,
                          -12.604
                        ],
                        [
                          1.54,
                          -1.2
                        ],
                        [
                          0,
                          0
                        ],
                        [
                          2.08,
                          0
                        ]
                      ],
                      "v": [
                        [
                          73.92,
                          -18.497
                        ],
                        [
                          1.539,
                          19.409
                        ],
                        [
                          -4.294,
                          19.365
                        ],
                        [
                          -73.92,
                          -18.457
                        ],
                        [
                          -68.35,
                          -20.367
                        ],
                        [
                          68.41,
                          -20.367
                        ]
                      ],
                      "c": true
                    },
                    "ix": 2
                  },
                  "nm": "Path 1",
                  "mn": "ADBE Vector Shape - Group",
                  "hd": false
                },
                {
                  "ty": "fl",
                  "c": {
                    "a": 0,
                    "k": [
                      1,
                      0.877999997606,
                      0.501999978458,
                      1
                    ],
                    "ix": 4
                  },
                  "o": {
                    "a": 0,
                    "k": 100,
                    "ix": 5
                  },
                  "r": 1,
                  "bm": 0,
                  "nm": "Fill 1",
                  "mn": "ADBE Vector Graphic - Fill",
                  "hd": false
                },
                {
                  "ty": "tr",
                  "p": {
                    "a": 0,
                    "k": [
                      74.17,
                      20.617
                    ],
                    "ix": 2
                  },
                  "a": {
                    "a": 0,
                    "k": [
                      0,
                      0
                    ],
                    "ix": 1
                  },
                  "s": {
                    "a": 0,
                    "k": [
                      100,
                      100
                    ],
                    "ix": 3
                  },
                  "r": {
                    "a": 0,
                    "k": 0,
                    "ix": 6
                  },
                  "o": {
                    "a": 0,
                    "k": 100,
                    "ix": 7
                  },
                  "sk": {
                    "a": 0,
                    "k": 0,
                    "ix": 4
                  },
                  "sa": {
                    "a": 0,
                    "k": 0,
                    "ix": 5
                  },
                  "nm": "Transform"
                }
              ],
              "nm": "Group 1",
              "np": 2,
              "cix": 2,
              "bm": 0,
              "ix": 1,
              "mn": "ADBE Vector Group",
              "hd": false
            }
          ],
          "ip": 0,
          "op": 300,
          "st": 0,
          "bm": 0
        },
        {
          "ddd": 0,
          "ind": 2,
          "ty": 4,
          "nm": "Layer 1 Outlines",
          "sr": 1,
          "ks": {
            "o": {
              "a": 0,
              "k": 100,
              "ix": 11
            },
            "r": {
              "a": 0,
              "k": 0,
              "ix": 10
            },
            "p": {
              "a": 0,
              "k": [
                104.67,
                121.675,
                0
              ],
              "ix": 2
            },
            "a": {
              "a": 0,
              "k": [
                77.71,
                41.085,
                0
              ],
              "ix": 1
            },
            "s": {
              "a": 0,
              "k": [
                100,
                100,
                100
              ],
              "ix": 6
            }
          },
          "ao": 0,
          "shapes": [
            {
              "ty": "gr",
              "it": [
                {
                  "ind": 0,
                  "ty": "sh",
                  "ix": 1,
                  "ks": {
                    "a": 0,
                    "k": {
                      "i": [
                        [
                          0,
                          -2.94
                        ],
                        [
                          0,
                          0
                        ],
                        [
                          5.01,
                          0
                        ],
                        [
                          0,
                          0
                        ],
                        [
                          0,
                          5.01
                        ],
                        [
                          0,
                          0
                        ],
                        [
                          -2.14,
                          1.66
                        ],
                        [
                          -23.21,
                          -12.6
                        ],
                        [
                          -1.83,
                          0.95
                        ],
                        [
                          -24.13,
                          12.64
                        ]
                      ],
                      "o": [
                        [
                          0,
                          0
                        ],
                        [
                          0,
                          5.01
                        ],
                        [
                          0,
                          0
                        ],
                        [
                          -5.01,
                          0
                        ],
                        [
                          0,
                          0
                        ],
                        [
                          0,
                          -2.91
                        ],
                        [
                          23.21,
                          12.6
                        ],
                        [
                          1.81,
                          0.99
                        ],
                        [
                          24.12,
                          -12.64
                        ],
                        [
                          2.171,
                          1.65
                        ]
                      ],
                      "v": [
                        [
                          77.46,
                          -33.635
                        ],
                        [
                          77.46,
                          31.765
                        ],
                        [
                          68.38,
                          40.835
                        ],
                        [
                          -68.38,
                          40.835
                        ],
                        [
                          -77.46,
                          31.765
                        ],
                        [
                          -77.46,
                          -33.635
                        ],
                        [
                          -73.95,
                          -40.795
                        ],
                        [
                          -4.32,
                          -2.975
                        ],
                        [
                          1.51,
                          -2.925
                        ],
                        [
                          73.89,
                          -40.835
                        ]
                      ],
                      "c": true
                    },
                    "ix": 2
                  },
                  "nm": "Path 1",
                  "mn": "ADBE Vector Shape - Group",
                  "hd": false
                },
                {
                  "ty": "fl",
                  "c": {
                    "a": 0,
                    "k": [
                      1,
                      0.877999997606,
                      0.501999978458,
                      1
                    ],
                    "ix": 4
                  },
                  "o": {
                    "a": 0,
                    "k": 100,
                    "ix": 5
                  },
                  "r": 1,
                  "bm": 0,
                  "nm": "Fill 1",
                  "mn": "ADBE Vector Graphic - Fill",
                  "hd": false
                },
                {
                  "ty": "tr",
                  "p": {
                    "a": 0,
                    "k": [
                      77.71,
                      41.085
                    ],
                    "ix": 2
                  },
                  "a": {
                    "a": 0,
                    "k": [
                      0,
                      0
                    ],
                    "ix": 1
                  },
                  "s": {
                    "a": 0,
                    "k": [
                      100,
                      100
                    ],
                    "ix": 3
                  },
                  "r": {
                    "a": 0,
                    "k": 0,
                    "ix": 6
                  },
                  "o": {
                    "a": 0,
                    "k": 100,
                    "ix": 7
                  },
                  "sk": {
                    "a": 0,
                    "k": 0,
                    "ix": 4
                  },
                  "sa": {
                    "a": 0,
                    "k": 0,
                    "ix": 5
                  },
                  "nm": "Transform"
                }
              ],
              "nm": "Group 1",
              "np": 2,
              "cix": 2,
              "bm": 0,
              "ix": 1,
              "mn": "ADBE Vector Group",
              "hd": false
            }
          ],
          "ip": 0,
          "op": 300,
          "st": 0,
          "bm": 0
        },
        {
          "ddd": 0,
          "ind": 3,
          "ty": 4,
          "nm": "cash3",
          "sr": 1,
          "ks": {
            "o": {
              "a": 0,
              "k": 100,
              "ix": 11
            },
            "r": {
              "a": 1,
              "k": [
                {
                  "i": {
                    "x": [
                      0.262
                    ],
                    "y": [
                      1
                    ]
                  },
                  "o": {
                    "x": [
                      0.333
                    ],
                    "y": [
                      0
                    ]
                  },
                  "t": 25.386,
                  "s": [
                    0
                  ]
                },
                {
                  "t": 35,
                  "s": [
                    9
                  ]
                }
              ],
              "ix": 10
            },
            "p": {
              "a": 0,
              "k": [
                116.5,
                154,
                0
              ],
              "ix": 2
            },
            "a": {
              "a": 0,
              "k": [
                4,
                58.5,
                0
              ],
              "ix": 1
            },
            "s": {
              "a": 1,
              "k": [
                {
                  "i": {
                    "x": [
                      0.667,
                      0.667,
                      0.667
                    ],
                    "y": [
                      1,
                      1,
                      1
                    ]
                  },
                  "o": {
                    "x": [
                      0.739,
                      0.722,
                      0.333
                    ],
                    "y": [
                      0,
                      0,
                      0
                    ]
                  },
                  "t": 12.564,
                  "s": [
                    100,
                    15,
                    100
                  ]
                },
                {
                  "t": 28.5908203125,
                  "s": [
                    100,
                    119,
                    100
                  ]
                }
              ],
              "ix": 6
            }
          },
          "ao": 0,
          "shapes": [
            {
              "ty": "gr",
              "it": [
                {
                  "ind": 0,
                  "ty": "sh",
                  "ix": 1,
                  "ks": {
                    "a": 0,
                    "k": {
                      "i": [
                        [
                          0,
                          0
                        ]
                      ],
                      "o": [
                        [
                          0,
                          0
                        ]
                      ],
                      "v": [
                        [
                          135.82,
                          -23.706
                        ]
                      ],
                      "c": false
                    },
                    "ix": 2
                  },
                  "nm": "Path 1",
                  "mn": "ADBE Vector Shape - Group",
                  "hd": false
                },
                {
                  "ty": "fl",
                  "c": {
                    "a": 0,
                    "k": [
                      0.719087368834,
                      0.951639093137,
                      0.667255296894,
                      1
                    ],
                    "ix": 4
                  },
                  "o": {
                    "a": 0,
                    "k": 100,
                    "ix": 5
                  },
                  "r": 1,
                  "bm": 0,
                  "nm": "Fill 1",
                  "mn": "ADBE Vector Graphic - Fill",
                  "hd": false
                },
                {
                  "ty": "tr",
                  "p": {
                    "a": 0,
                    "k": [
                      0,
                      0
                    ],
                    "ix": 2
                  },
                  "a": {
                    "a": 0,
                    "k": [
                      0,
                      0
                    ],
                    "ix": 1
                  },
                  "s": {
                    "a": 0,
                    "k": [
                      100,
                      100
                    ],
                    "ix": 3
                  },
                  "r": {
                    "a": 0,
                    "k": 0,
                    "ix": 6
                  },
                  "o": {
                    "a": 0,
                    "k": 100,
                    "ix": 7
                  },
                  "sk": {
                    "a": 0,
                    "k": 0,
                    "ix": 4
                  },
                  "sa": {
                    "a": 0,
                    "k": 0,
                    "ix": 5
                  },
                  "nm": "Transform"
                }
              ],
              "nm": "Shape 2",
              "np": 3,
              "cix": 2,
              "bm": 0,
              "ix": 1,
              "mn": "ADBE Vector Group",
              "hd": false
            },
            {
              "ty": "gr",
              "it": [
                {
                  "ind": 0,
                  "ty": "sh",
                  "ix": 1,
                  "ks": {
                    "a": 0,
                    "k": {
                      "i": [
                        [
                          0,
                          0
                        ],
                        [
                          0,
                          0
                        ],
                        [
                          0,
                          0
                        ],
                        [
                          0,
                          0
                        ]
                      ],
                      "o": [
                        [
                          0,
                          0
                        ],
                        [
                          0,
                          0
                        ],
                        [
                          0,
                          0
                        ],
                        [
                          0,
                          0
                        ]
                      ],
                      "v": [
                        [
                          24.803,
                          -19.14
                        ],
                        [
                          -17.462,
                          -17.769
                        ],
                        [
                          -16.55,
                          32.733
                        ],
                        [
                          24.752,
                          28.937
                        ]
                      ],
                      "c": true
                    },
                    "ix": 2
                  },
                  "nm": "Path 1",
                  "mn": "ADBE Vector Shape - Group",
                  "hd": false
                },
                {
                  "ty": "fl",
                  "c": {
                    "a": 0,
                    "k": [
                      0.568786920286,
                      0.796308210784,
                      0.518076040231,
                      1
                    ],
                    "ix": 4
                  },
                  "o": {
                    "a": 0,
                    "k": 100,
                    "ix": 5
                  },
                  "r": 1,
                  "bm": 0,
                  "nm": "Fill 1",
                  "mn": "ADBE Vector Graphic - Fill",
                  "hd": false
                },
                {
                  "ty": "tr",
                  "p": {
                    "a": 0,
                    "k": [
                      0,
                      0
                    ],
                    "ix": 2
                  },
                  "a": {
                    "a": 0,
                    "k": [
                      0,
                      0
                    ],
                    "ix": 1
                  },
                  "s": {
                    "a": 0,
                    "k": [
                      100,
                      100
                    ],
                    "ix": 3
                  },
                  "r": {
                    "a": 0,
                    "k": 0,
                    "ix": 6
                  },
                  "o": {
                    "a": 0,
                    "k": 100,
                    "ix": 7
                  },
                  "sk": {
                    "a": 0,
                    "k": 0,
                    "ix": 4
                  },
                  "sa": {
                    "a": 0,
                    "k": 0,
                    "ix": 5
                  },
                  "nm": "Transform"
                }
              ],
              "nm": "Shape 1",
              "np": 3,
              "cix": 2,
              "bm": 0,
              "ix": 2,
              "mn": "ADBE Vector Group",
              "hd": false
            },
            {
              "ty": "gr",
              "it": [
                {
                  "ty": "rc",
                  "d": 1,
                  "s": {
                    "a": 0,
                    "k": [
                      51.715,
                      80.617
                    ],
                    "ix": 2
                  },
                  "p": {
                    "a": 0,
                    "k": [
                      0,
                      0
                    ],
                    "ix": 3
                  },
                  "r": {
                    "a": 0,
                    "k": 0,
                    "ix": 4
                  },
                  "nm": "Rectangle Path 1",
                  "mn": "ADBE Vector Shape - Rect",
                  "hd": false
                },
                {
                  "ty": "fl",
                  "c": {
                    "a": 0,
                    "k": [
                      0.385563839183,
                      0.64675245098,
                      0.327349105536,
                      1
                    ],
                    "ix": 4
                  },
                  "o": {
                    "a": 0,
                    "k": 100,
                    "ix": 5
                  },
                  "r": 1,
                  "bm": 0,
                  "nm": "Fill 1",
                  "mn": "ADBE Vector Graphic - Fill",
                  "hd": false
                },
                {
                  "ty": "fl",
                  "c": {
                    "a": 0,
                    "k": [
                      0.385563839183,
                      0.64675245098,
                      0.327349105536,
                      1
                    ],
                    "ix": 4
                  },
                  "o": {
                    "a": 0,
                    "k": 100,
                    "ix": 5
                  },
                  "r": 1,
                  "bm": 0,
                  "nm": "Fill 2",
                  "mn": "ADBE Vector Graphic - Fill",
                  "hd": false
                },
                {
                  "ty": "tr",
                  "p": {
                    "a": 0,
                    "k": [
                      4.107,
                      16.928
                    ],
                    "ix": 2
                  },
                  "a": {
                    "a": 0,
                    "k": [
                      0,
                      0
                    ],
                    "ix": 1
                  },
                  "s": {
                    "a": 0,
                    "k": [
                      106.017,
                      106.017
                    ],
                    "ix": 3
                  },
                  "r": {
                    "a": 0,
                    "k": 0,
                    "ix": 6
                  },
                  "o": {
                    "a": 0,
                    "k": 100,
                    "ix": 7
                  },
                  "sk": {
                    "a": 0,
                    "k": 0,
                    "ix": 4
                  },
                  "sa": {
                    "a": 0,
                    "k": 0,
                    "ix": 5
                  },
                  "nm": "Transform"
                }
              ],
              "nm": "Rectangle 1",
              "np": 4,
              "cix": 2,
              "bm": 0,
              "ix": 3,
              "mn": "ADBE Vector Group",
              "hd": false
            }
          ],
          "ip": 14,
          "op": 334,
          "st": 34,
          "bm": 0
        },
        {
          "ddd": 0,
          "ind": 4,
          "ty": 4,
          "nm": "cash2",
          "sr": 1,
          "ks": {
            "o": {
              "a": 0,
              "k": 100,
              "ix": 11
            },
            "r": {
              "a": 1,
              "k": [
                {
                  "i": {
                    "x": [
                      0.262
                    ],
                    "y": [
                      1
                    ]
                  },
                  "o": {
                    "x": [
                      0.333
                    ],
                    "y": [
                      0
                    ]
                  },
                  "t": 22.821,
                  "s": [
                    0
                  ]
                },
                {
                  "t": 32.435546875,
                  "s": [
                    -9
                  ]
                }
              ],
              "ix": 10
            },
            "p": {
              "a": 0,
              "k": [
                99.5,
                152.5,
                0
              ],
              "ix": 2
            },
            "a": {
              "a": 0,
              "k": [
                4,
                58.5,
                0
              ],
              "ix": 1
            },
            "s": {
              "a": 1,
              "k": [
                {
                  "i": {
                    "x": [
                      0.667,
                      0.667,
                      0.667
                    ],
                    "y": [
                      1,
                      1,
                      1
                    ]
                  },
                  "o": {
                    "x": [
                      0.739,
                      0.722,
                      0.333
                    ],
                    "y": [
                      0,
                      0,
                      0
                    ]
                  },
                  "t": 10,
                  "s": [
                    100,
                    15,
                    100
                  ]
                },
                {
                  "t": 26.0263671875,
                  "s": [
                    100,
                    119,
                    100
                  ]
                }
              ],
              "ix": 6
            }
          },
          "ao": 0,
          "shapes": [
            {
              "ty": "gr",
              "it": [
                {
                  "ind": 0,
                  "ty": "sh",
                  "ix": 1,
                  "ks": {
                    "a": 0,
                    "k": {
                      "i": [
                        [
                          0,
                          0
                        ],
                        [
                          0,
                          0
                        ],
                        [
                          0,
                          0
                        ],
                        [
                          0,
                          0
                        ]
                      ],
                      "o": [
                        [
                          0,
                          0
                        ],
                        [
                          0,
                          0
                        ],
                        [
                          0,
                          0
                        ],
                        [
                          0,
                          0
                        ]
                      ],
                      "v": [
                        [
                          25.137,
                          -17.387
                        ],
                        [
                          -15.673,
                          -17.075
                        ],
                        [
                          -16.938,
                          35.294
                        ],
                        [
                          24.288,
                          35.463
                        ]
                      ],
                      "c": true
                    },
                    "ix": 2
                  },
                  "nm": "Path 1",
                  "mn": "ADBE Vector Shape - Group",
                  "hd": false
                },
                {
                  "ty": "fl",
                  "c": {
                    "a": 0,
                    "k": [
                      0.617061061485,
                      0.84381127451,
                      0.566522037282,
                      1
                    ],
                    "ix": 4
                  },
                  "o": {
                    "a": 0,
                    "k": 100,
                    "ix": 5
                  },
                  "r": 1,
                  "bm": 0,
                  "nm": "Fill 1",
                  "mn": "ADBE Vector Graphic - Fill",
                  "hd": false
                },
                {
                  "ty": "tr",
                  "p": {
                    "a": 0,
                    "k": [
                      0,
                      0
                    ],
                    "ix": 2
                  },
                  "a": {
                    "a": 0,
                    "k": [
                      0,
                      0
                    ],
                    "ix": 1
                  },
                  "s": {
                    "a": 0,
                    "k": [
                      100,
                      100
                    ],
                    "ix": 3
                  },
                  "r": {
                    "a": 0,
                    "k": 0,
                    "ix": 6
                  },
                  "o": {
                    "a": 0,
                    "k": 100,
                    "ix": 7
                  },
                  "sk": {
                    "a": 0,
                    "k": 0,
                    "ix": 4
                  },
                  "sa": {
                    "a": 0,
                    "k": 0,
                    "ix": 5
                  },
                  "nm": "Transform"
                }
              ],
              "nm": "Shape 1",
              "np": 3,
              "cix": 2,
              "bm": 0,
              "ix": 1,
              "mn": "ADBE Vector Group",
              "hd": false
            },
            {
              "ty": "gr",
              "it": [
                {
                  "ty": "rc",
                  "d": 1,
                  "s": {
                    "a": 0,
                    "k": [
                      51.715,
                      80.617
                    ],
                    "ix": 2
                  },
                  "p": {
                    "a": 0,
                    "k": [
                      0,
                      0
                    ],
                    "ix": 3
                  },
                  "r": {
                    "a": 0,
                    "k": 0,
                    "ix": 4
                  },
                  "nm": "Rectangle Path 1",
                  "mn": "ADBE Vector Shape - Rect",
                  "hd": false
                },
                {
                  "ty": "fl",
                  "c": {
                    "a": 0,
                    "k": [
                      0.400945805568,
                      0.646629901961,
                      0.346186738856,
                      1
                    ],
                    "ix": 4
                  },
                  "o": {
                    "a": 0,
                    "k": 100,
                    "ix": 5
                  },
                  "r": 1,
                  "bm": 0,
                  "nm": "Fill 1",
                  "mn": "ADBE Vector Graphic - Fill",
                  "hd": false
                },
                {
                  "ty": "tr",
                  "p": {
                    "a": 0,
                    "k": [
                      4.107,
                      16.928
                    ],
                    "ix": 2
                  },
                  "a": {
                    "a": 0,
                    "k": [
                      0,
                      0
                    ],
                    "ix": 1
                  },
                  "s": {
                    "a": 0,
                    "k": [
                      106.017,
                      106.017
                    ],
                    "ix": 3
                  },
                  "r": {
                    "a": 0,
                    "k": 0,
                    "ix": 6
                  },
                  "o": {
                    "a": 0,
                    "k": 100,
                    "ix": 7
                  },
                  "sk": {
                    "a": 0,
                    "k": 0,
                    "ix": 4
                  },
                  "sa": {
                    "a": 0,
                    "k": 0,
                    "ix": 5
                  },
                  "nm": "Transform"
                }
              ],
              "nm": "Rectangle 1",
              "np": 3,
              "cix": 2,
              "bm": 0,
              "ix": 2,
              "mn": "ADBE Vector Group",
              "hd": false
            }
          ],
          "ip": 10,
          "op": 330,
          "st": 30,
          "bm": 0
        },
        {
          "ddd": 0,
          "ind": 5,
          "ty": 4,
          "nm": "bg down",
          "sr": 1,
          "ks": {
            "o": {
              "a": 0,
              "k": 100,
              "ix": 11
            },
            "r": {
              "a": 0,
              "k": 0,
              "ix": 10
            },
            "p": {
              "a": 0,
              "k": [
                104.64,
                99.335,
                0
              ],
              "ix": 2
            },
            "a": {
              "a": 0,
              "k": [
                74.17,
                20.615,
                0
              ],
              "ix": 1
            },
            "s": {
              "a": 0,
              "k": [
                100,
                100,
                100
              ],
              "ix": 6
            }
          },
          "ao": 0,
          "shapes": [
            {
              "ty": "gr",
              "it": [
                {
                  "ind": 0,
                  "ty": "sh",
                  "ix": 1,
                  "ks": {
                    "a": 0,
                    "k": {
                      "i": [
                        [
                          -1.529,
                          -1.18
                        ],
                        [
                          24.12,
                          -12.639
                        ],
                        [
                          1.81,
                          0.991
                        ],
                        [
                          23.211,
                          12.6
                        ],
                        [
                          -2.1,
                          0
                        ],
                        [
                          0,
                          0
                        ]
                      ],
                      "o": [
                        [
                          -24.13,
                          12.64
                        ],
                        [
                          -1.83,
                          0.95
                        ],
                        [
                          -23.21,
                          -12.6
                        ],
                        [
                          1.54,
                          -1.2
                        ],
                        [
                          0,
                          0
                        ],
                        [
                          2.08,
                          0
                        ]
                      ],
                      "v": [
                        [
                          73.92,
                          -18.495
                        ],
                        [
                          1.54,
                          19.415
                        ],
                        [
                          -4.289,
                          19.365
                        ],
                        [
                          -73.92,
                          -18.455
                        ],
                        [
                          -68.35,
                          -20.365
                        ],
                        [
                          68.41,
                          -20.365
                        ]
                      ],
                      "c": true
                    },
                    "ix": 2
                  },
                  "nm": "Path 1",
                  "mn": "ADBE Vector Shape - Group",
                  "hd": false
                },
                {
                  "ty": "fl",
                  "c": {
                    "a": 0,
                    "k": [
                      1,
                      0.830999995213,
                      0.501999978458,
                      1
                    ],
                    "ix": 4
                  },
                  "o": {
                    "a": 0,
                    "k": 100,
                    "ix": 5
                  },
                  "r": 1,
                  "bm": 0,
                  "nm": "Fill 1",
                  "mn": "ADBE Vector Graphic - Fill",
                  "hd": false
                },
                {
                  "ty": "tr",
                  "p": {
                    "a": 0,
                    "k": [
                      74.17,
                      20.615
                    ],
                    "ix": 2
                  },
                  "a": {
                    "a": 0,
                    "k": [
                      0,
                      0
                    ],
                    "ix": 1
                  },
                  "s": {
                    "a": 0,
                    "k": [
                      100,
                      100
                    ],
                    "ix": 3
                  },
                  "r": {
                    "a": 0,
                    "k": 0,
                    "ix": 6
                  },
                  "o": {
                    "a": 0,
                    "k": 100,
                    "ix": 7
                  },
                  "sk": {
                    "a": 0,
                    "k": 0,
                    "ix": 4
                  },
                  "sa": {
                    "a": 0,
                    "k": 0,
                    "ix": 5
                  },
                  "nm": "Transform"
                }
              ],
              "nm": "Group 1",
              "np": 2,
              "cix": 2,
              "bm": 0,
              "ix": 1,
              "mn": "ADBE Vector Group",
              "hd": false
            }
          ],
          "ip": 0,
          "op": 300,
          "st": 0,
          "bm": 0
        },
        {
          "ddd": 0,
          "ind": 6,
          "ty": 4,
          "nm": "bg up",
          "sr": 1,
          "ks": {
            "o": {
              "a": 0,
              "k": 100,
              "ix": 11
            },
            "r": {
              "a": 0,
              "k": 0,
              "ix": 10
            },
            "p": {
              "a": 0,
              "k": [
                105.64,
                82.471,
                0
              ],
              "ix": 2
            },
            "a": {
              "a": 0,
              "k": [
                75.17,
                40.618,
                0
              ],
              "ix": 1
            },
            "s": {
              "a": 1,
              "k": [
                {
                  "i": {
                    "x": [
                      0.264,
                      0.264,
                      0.667
                    ],
                    "y": [
                      1,
                      1,
                      1
                    ]
                  },
                  "o": {
                    "x": [
                      0.04,
                      0.02,
                      0.333
                    ],
                    "y": [
                      0,
                      0,
                      0
                    ]
                  },
                  "t": 9,
                  "s": [
                    100,
                    0,
                    100
                  ]
                },
                {
                  "t": 24,
                  "s": [
                    100,
                    100,
                    100
                  ]
                }
              ],
              "ix": 6
            }
          },
          "ao": 0,
          "shapes": [
            {
              "ty": "gr",
              "it": [
                {
                  "ind": 0,
                  "ty": "sh",
                  "ix": 1,
                  "ks": {
                    "a": 0,
                    "k": {
                      "i": [
                        [
                          1.53,
                          1.18
                        ],
                        [
                          -24.124,
                          12.638
                        ],
                        [
                          -1.816,
                          -0.987
                        ],
                        [
                          -23.211,
                          -12.604
                        ],
                        [
                          2.099,
                          0
                        ],
                        [
                          0,
                          0
                        ]
                      ],
                      "o": [
                        [
                          24.134,
                          -12.639
                        ],
                        [
                          1.83,
                          -0.959
                        ],
                        [
                          23.202,
                          12.605
                        ],
                        [
                          -1.54,
                          1.2
                        ],
                        [
                          0,
                          0
                        ],
                        [
                          -2.08,
                          0
                        ]
                      ],
                      "v": [
                        [
                          -73.92,
                          18.497
                        ],
                        [
                          -1.538,
                          -19.409
                        ],
                        [
                          4.295,
                          -19.365
                        ],
                        [
                          73.92,
                          18.458
                        ],
                        [
                          68.351,
                          20.368
                        ],
                        [
                          -68.41,
                          20.368
                        ]
                      ],
                      "c": true
                    },
                    "ix": 2
                  },
                  "nm": "Path 1",
                  "mn": "ADBE Vector Shape - Group",
                  "hd": false
                },
                {
                  "ty": "fl",
                  "c": {
                    "a": 0,
                    "k": [
                      1,
                      0.830999995213,
                      0.501999978458,
                      1
                    ],
                    "ix": 4
                  },
                  "o": {
                    "a": 0,
                    "k": 100,
                    "ix": 5
                  },
                  "r": 1,
                  "bm": 0,
                  "nm": "Fill 1",
                  "mn": "ADBE Vector Graphic - Fill",
                  "hd": false
                },
                {
                  "ty": "tr",
                  "p": {
                    "a": 0,
                    "k": [
                      74.17,
                      20.618
                    ],
                    "ix": 2
                  },
                  "a": {
                    "a": 0,
                    "k": [
                      0,
                      0
                    ],
                    "ix": 1
                  },
                  "s": {
                    "a": 0,
                    "k": [
                      100,
                      100
                    ],
                    "ix": 3
                  },
                  "r": {
                    "a": 0,
                    "k": 0,
                    "ix": 6
                  },
                  "o": {
                    "a": 0,
                    "k": 100,
                    "ix": 7
                  },
                  "sk": {
                    "a": 0,
                    "k": 0,
                    "ix": 4
                  },
                  "sa": {
                    "a": 0,
                    "k": 0,
                    "ix": 5
                  },
                  "nm": "Transform"
                }
              ],
              "nm": "Group 1",
              "np": 2,
              "cix": 2,
              "bm": 0,
              "ix": 1,
              "mn": "ADBE Vector Group",
              "hd": false
            }
          ],
          "ip": 9,
          "op": 309,
          "st": 9,
          "bm": 0
        }
      ]
    }
  ],
  "layers": [
    {
      "ddd": 0,
      "ind": 1,
      "ty": 4,
      "nm": "Shape Layer 1",
      "sr": 1,
      "ks": {
        "o": {
          "a": 0,
          "k": 100,
          "ix": 11
        },
        "r": {
          "a": 0,
          "k": 0,
          "ix": 10
        },
        "p": {
          "a": 0,
          "k": [
            50.97,
            100.5,
            0
          ],
          "ix": 2
        },
        "a": {
          "a": 0,
          "k": [
            1,
            45.5,
            0
          ],
          "ix": 1
        },
        "s": {
          "a": 1,
          "k": [
            {
              "i": {
                "x": [
                  0.667,
                  0.667,
                  0.667
                ],
                "y": [
                  1,
                  1,
                  1
                ]
              },
              "o": {
                "x": [
                  0.333,
                  0.333,
                  0.333
                ],
                "y": [
                  0,
                  0,
                  0
                ]
              },
              "t": 1,
              "s": [
                95,
                100,
                100
              ]
            },
            {
              "i": {
                "x": [
                  0.265,
                  0.265,
                  0.667
                ],
                "y": [
                  1,
                  1,
                  1
                ]
              },
              "o": {
                "x": [
                  0.021,
                  0.069,
                  0.333
                ],
                "y": [
                  0,
                  0,
                  0
                ]
              },
              "t": 5,
              "s": [
                100,
                100,
                100
              ]
            },
            {
              "t": 15,
              "s": [
                85,
                100,
                100
              ]
            }
          ],
          "ix": 6
        }
      },
      "ao": 0,
      "shapes": [
        {
          "ty": "gr",
          "it": [
            {
              "ind": 0,
              "ty": "sh",
              "ix": 1,
              "ks": {
                "a": 0,
                "k": {
                  "i": [
                    [
                      0,
                      0
                    ],
                    [
                      0,
                      0
                    ]
                  ],
                  "o": [
                    [
                      0,
                      0
                    ],
                    [
                      0,
                      0
                    ]
                  ],
                  "v": [
                    [
                      -67,
                      44.5
                    ],
                    [
                      66.5,
                      44.5
                    ]
                  ],
                  "c": false
                },
                "ix": 2
              },
              "nm": "Path 1",
              "mn": "ADBE Vector Shape - Group",
              "hd": false
            },
            {
              "ty": "st",
              "c": {
                "a": 0,
                "k": [
                  0.937254901961,
                  0.937254901961,
                  0.937254901961,
                  1
                ],
                "ix": 3
              },
              "o": {
                "a": 0,
                "k": 100,
                "ix": 4
              },
              "w": {
                "a": 0,
                "k": 3,
                "ix": 5
              },
              "lc": 1,
              "lj": 1,
              "ml": 4,
              "bm": 0,
              "nm": "Stroke 1",
              "mn": "ADBE Vector Graphic - Stroke",
              "hd": false
            },
            {
              "ty": "fl",
              "c": {
                "a": 0,
                "k": [
                  0.854764093137,
                  0.854764093137,
                  0.854764093137,
                  1
                ],
                "ix": 4
              },
              "o": {
                "a": 0,
                "k": 100,
                "ix": 5
              },
              "r": 1,
              "bm": 0,
              "nm": "Fill 1",
              "mn": "ADBE Vector Graphic - Fill",
              "hd": false
            },
            {
              "ty": "tr",
              "p": {
                "a": 0,
                "k": [
                  0,
                  2
                ],
                "ix": 2
              },
              "a": {
                "a": 0,
                "k": [
                  0,
                  0
                ],
                "ix": 1
              },
              "s": {
                "a": 0,
                "k": [
                  100,
                  100
                ],
                "ix": 3
              },
              "r": {
                "a": 0,
                "k": 0,
                "ix": 6
              },
              "o": {
                "a": 0,
                "k": 100,
                "ix": 7
              },
              "sk": {
                "a": 0,
                "k": 0,
                "ix": 4
              },
              "sa": {
                "a": 0,
                "k": 0,
                "ix": 5
              },
              "nm": "Transform"
            }
          ],
          "nm": "Shape 1",
          "np": 3,
          "cix": 2,
          "bm": 0,
          "ix": 1,
          "mn": "ADBE Vector Group",
          "hd": false
        },
        {
          "ty": "rd",
          "nm": "Round Corners 1",
          "r": {
            "a": 0,
            "k": 10,
            "ix": 1
          },
          "ix": 2,
          "mn": "ADBE Vector Filter - RC",
          "hd": false
        }
      ],
      "ip": 0,
      "op": 300,
      "st": 0,
      "bm": 0
    },
    {
      "ddd": 0,
      "ind": 2,
      "ty": 0,
      "nm": "envelopee",
      "refId": "comp_0",
      "sr": 1,
      "ks": {
        "o": {
          "a": 0,
          "k": 100,
          "ix": 11
        },
        "r": {
          "a": 1,
          "k": [
            {
              "i": {
                "x": [
                  0.667
                ],
                "y": [
                  1
                ]
              },
              "o": {
                "x": [
                  0.333
                ],
                "y": [
                  0
                ]
              },
              "t": 0,
              "s": [
                0
              ]
            },
            {
              "i": {
                "x": [
                  0
                ],
                "y": [
                  1
                ]
              },
              "o": {
                "x": [
                  0.333
                ],
                "y": [
                  0
                ]
              },
              "t": 3,
              "s": [
                -3
              ]
            },
            {
              "i": {
                "x": [
                  0.269
                ],
                "y": [
                  1
                ]
              },
              "o": {
                "x": [
                  0.333
                ],
                "y": [
                  0
                ]
              },
              "t": 10,
              "s": [
                3
              ]
            },
            {
              "t": 20,
              "s": [
                0
              ]
            }
          ],
          "ix": 10
        },
        "p": {
          "a": 1,
          "k": [
            {
              "i": {
                "x": 0.256,
                "y": 1
              },
              "o": {
                "x": 0.115,
                "y": 0
              },
              "t": 1,
              "s": [
                49,
                53.5,
                0
              ],
              "to": [
                0,
                0.833,
                0
              ],
              "ti": [
                0,
                1.667,
                0
              ]
            },
            {
              "i": {
                "x": 0.257,
                "y": 1
              },
              "o": {
                "x": 0.045,
                "y": 0
              },
              "t": 5,
              "s": [
                49,
                58.5,
                0
              ],
              "to": [
                0,
                -1.667,
                0
              ],
              "ti": [
                0,
                2.5,
                0
              ]
            },
            {
              "t": 15,
              "s": [
                49,
                43.5,
                0
              ]
            }
          ],
          "ix": 2
        },
        "a": {
          "a": 0,
          "k": [
            100,
            100,
            0
          ],
          "ix": 1
        },
        "s": {
          "a": 0,
          "k": [
            55,
            55,
            100
          ],
          "ix": 6
        }
      },
      "ao": 0,
      "w": 200,
      "h": 200,
      "ip": 0,
      "op": 300,
      "st": 0,
      "bm": 0
    }
  ],
  "markers": []
}