{"v":"5.4.2","fr":60,"ip":0,"op":102,"w":933,"h":390,"nm":"party popper","ddd":1,"assets":[],"layers":[{"ddd":0,"ind":2,"ty":4,"nm":"Layer 3 Outlines","parent":11,"sr":1,"ks":{"o":{"a":0,"k":100,"ix":11},"r":{"a":0,"k":0,"ix":10},"p":{"a":0,"k":[110.875,54.824,0],"ix":2},"a":{"a":0,"k":[71.241,52.227,0],"ix":1},"s":{"a":0,"k":[100,100,100],"ix":6}},"ao":0,"shapes":[{"ty":"gr","it":[{"ind":0,"ty":"sh","ix":1,"ks":{"a":0,"k":{"i":[[26.942,19.382],[3.163,11.946],[0,0],[-35.823,-25.771],[-8.827,2.805],[0,0]],"o":[[-35.601,-25.611],[0,0],[0.303,9.375],[35.945,25.858],[0,0],[-16.982,-4.344]],"v":[[-7.298,16.261],[-70.991,-50.135],[-70.581,-51.977],[-10.215,12.516],[70.991,47.468],[63.811,51.977]],"c":true},"ix":2},"nm":"Path 1","mn":"ADBE Vector Shape - Group","hd":false},{"ty":"mm","mm":4,"nm":"Merge Paths 1","mn":"ADBE Vector Filter - Merge","hd":false},{"ty":"fl","c":{"a":0,"k":[0.948999980852,0.948999980852,0.948999980852,1],"ix":4},"o":{"a":0,"k":100,"ix":5},"r":1,"nm":"Fill 1","mn":"ADBE Vector Graphic - Fill","hd":false},{"ty":"tr","p":{"a":0,"k":[71.241,52.227],"ix":2},"a":{"a":0,"k":[0,0],"ix":1},"s":{"a":0,"k":[100,100],"ix":3},"r":{"a":0,"k":0,"ix":6},"o":{"a":0,"k":100,"ix":7},"sk":{"a":0,"k":0,"ix":4},"sa":{"a":0,"k":0,"ix":5},"nm":"Transform"}],"nm":"Group 1","np":3,"cix":2,"ix":1,"mn":"ADBE Vector Group","hd":false}],"ip":0,"op":1820,"st":0,"bm":0},{"ddd":0,"ind":3,"ty":4,"nm":"Layer 4 Outlines","parent":11,"sr":1,"ks":{"o":{"a":0,"k":50,"ix":11},"r":{"a":0,"k":0,"ix":10},"p":{"a":0,"k":[111.372,53.93,0],"ix":2},"a":{"a":0,"k":[70.905,49.334,0],"ix":1},"s":{"a":0,"k":[100,100,100],"ix":6}},"ao":0,"shapes":[{"ty":"gr","it":[{"ind":0,"ty":"sh","ix":1,"ks":{"a":0,"k":{"i":[[-27.411,-19.72],[-4.18,5.811],[-0.019,0.51],[1.088,-1.512],[39.046,28.09],[3.409,11.521]],"o":[[39.045,28.089],[0.254,-0.353],[2.928,4.079],[-4.181,5.811],[-33.088,-23.804],[7.934,13.721]],"v":[[-15.752,6.683],[67.126,40.593],[67.529,39.293],[70.498,47.878],[-12.381,13.968],[-70.905,-49.334]],"c":true},"ix":2},"nm":"Path 1","mn":"ADBE Vector Shape - Group","hd":false},{"ty":"mm","mm":4,"nm":"Merge Paths 1","mn":"ADBE Vector Filter - Merge","hd":false},{"ty":"fl","c":{"a":0,"k":[0.6,0.6,0.6,1],"ix":4},"o":{"a":0,"k":100,"ix":5},"r":1,"nm":"Fill 1","mn":"ADBE Vector Graphic - Fill","hd":false},{"ty":"tr","p":{"a":0,"k":[70.905,49.334],"ix":2},"a":{"a":0,"k":[0,0],"ix":1},"s":{"a":0,"k":[100,100],"ix":3},"r":{"a":0,"k":0,"ix":6},"o":{"a":0,"k":100,"ix":7},"sk":{"a":0,"k":0,"ix":4},"sa":{"a":0,"k":0,"ix":5},"nm":"Transform"}],"nm":"Group 1","np":3,"cix":2,"ix":1,"mn":"ADBE Vector Group","hd":false}],"ip":0,"op":1820,"st":0,"bm":0},{"ddd":0,"ind":4,"ty":4,"nm":"Layer 9 Outlines","parent":11,"sr":1,"ks":{"o":{"a":0,"k":28,"ix":11},"r":{"a":0,"k":0,"ix":10},"p":{"a":0,"k":[106.587,133.901,0],"ix":2},"a":{"a":0,"k":[77.599,60.727,0],"ix":1},"s":{"a":0,"k":[100,100,100],"ix":6}},"ao":0,"shapes":[{"ty":"gr","it":[{"ind":0,"ty":"sh","ix":1,"ks":{"a":0,"k":{"i":[[0.148,-0.026],[30.653,19.475],[-4.091,-2.926],[-10.186,-5.213],[-1.063,-0.369],[0,0],[0,0],[-0.003,-0.002],[0,0],[0.182,-0.04]],"o":[[-9.216,1.528],[3.74,3.015],[10.877,7.776],[-26.603,18.083],[4.807,1.668],[0,0],[0.003,0.001],[0,0],[-0.165,0.05],[-0.139,0.032]],"v":[[74.963,-30.731],[1.429,-60.727],[13.174,-51.796],[50.43,-26.855],[-75.921,59.715],[-69.902,60.484],[61.712,-22.095],[61.721,-22.091],[75.931,-30.945],[75.395,-30.818]],"c":true},"ix":2},"nm":"Path 1","mn":"ADBE Vector Shape - Group","hd":false},{"ty":"mm","mm":4,"nm":"Merge Paths 1","mn":"ADBE Vector Filter - Merge","hd":false},{"ty":"fl","c":{"a":0,"k":[0.172549019608,0.172549019608,0.172549019608,1],"ix":4},"o":{"a":0,"k":100,"ix":5},"r":1,"nm":"Fill 1","mn":"ADBE Vector Graphic - Fill","hd":false},{"ty":"tr","p":{"a":0,"k":[75.93,60.727],"ix":2},"a":{"a":0,"k":[0,0],"ix":1},"s":{"a":0,"k":[100,100],"ix":3},"r":{"a":0,"k":0,"ix":6},"o":{"a":0,"k":100,"ix":7},"sk":{"a":0,"k":0,"ix":4},"sa":{"a":0,"k":0,"ix":5},"nm":"Transform"}],"nm":"Group 1","np":3,"cix":2,"ix":1,"mn":"ADBE Vector Group","hd":false},{"ty":"gr","it":[{"ind":0,"ty":"sh","ix":1,"ks":{"a":0,"k":{"i":[[0,0],[0.006,-0.007],[0,0]],"o":[[-0.005,0.008],[0,0],[0,0]],"v":[[0.007,-0.01],[-0.013,0.01],[0.013,-0.005]],"c":true},"ix":2},"nm":"Path 1","mn":"ADBE Vector Shape - Group","hd":false},{"ty":"mm","mm":4,"nm":"Merge Paths 1","mn":"ADBE Vector Filter - Merge","hd":false},{"ty":"fl","c":{"a":0,"k":[0.172549019608,0.172549019608,0.172549019608,1],"ix":4},"o":{"a":0,"k":100,"ix":5},"r":1,"nm":"Fill 1","mn":"ADBE Vector Graphic - Fill","hd":false},{"ty":"tr","p":{"a":0,"k":[155.185,30.538],"ix":2},"a":{"a":0,"k":[0,0],"ix":1},"s":{"a":0,"k":[100,100],"ix":3},"r":{"a":0,"k":0,"ix":6},"o":{"a":0,"k":100,"ix":7},"sk":{"a":0,"k":0,"ix":4},"sa":{"a":0,"k":0,"ix":5},"nm":"Transform"}],"nm":"Group 2","np":3,"cix":2,"ix":2,"mn":"ADBE Vector Group","hd":false}],"ip":0,"op":1820,"st":0,"bm":0},{"ddd":0,"ind":5,"ty":4,"nm":"Layer 10 Outlines","parent":11,"sr":1,"ks":{"o":{"a":0,"k":28,"ix":11},"r":{"a":0,"k":0,"ix":10},"p":{"a":0,"k":[92.809,97.736,0],"ix":2},"a":{"a":0,"k":[91.642,96.923,0],"ix":1},"s":{"a":0,"k":[100,100,100],"ix":6}},"ao":0,"shapes":[{"ty":"gr","it":[{"ty":"gr","it":[{"ind":0,"ty":"sh","ix":1,"ks":{"a":0,"k":{"i":[[35.899,25.667],[0.174,9.259],[0,0],[-17.31,-11.908],[0,0],[0,0]],"o":[[-36.019,-25.753],[0,0],[0,0],[14.728,10.132],[0,0],[-8.976,2.721]],"v":[[8.834,-29.906],[-52.479,-96.923],[-89.914,71.087],[-75.341,88.304],[-56.808,96.83],[90.072,4.852]],"c":true},"ix":2},"nm":"Path 5","mn":"ADBE Vector Shape - Group","hd":false},{"ty":"tr","p":{"a":0,"k":[0,0],"ix":2},"a":{"a":0,"k":[0,0],"ix":1},"s":{"a":0,"k":[100,100],"ix":3},"r":{"a":0,"k":0,"ix":6},"o":{"a":0,"k":100,"ix":7},"sk":{"a":0,"k":0,"ix":4},"sa":{"a":0,"k":0,"ix":5},"nm":"Transform"}],"nm":"Group 1","np":1,"cix":2,"ix":1,"mn":"ADBE Vector Group","hd":false},{"ty":"mm","mm":4,"nm":"Merge Paths 1","mn":"ADBE Vector Filter - Merge","hd":false},{"ty":"gf","o":{"a":0,"k":100,"ix":10},"r":1,"g":{"p":5,"k":{"a":0,"k":[0,1,1,1,0.378,0.998,0.835,1,0.465,0.996,0.671,1,0.732,0.998,0.835,1,1,1,1,1,0,0,0.234,0.5,0.468,1,0.734,0.5,1,0],"ix":9}},"s":{"a":0,"k":[-180.5,-75.5],"ix":5},"e":{"a":0,"k":[100,51],"ix":6},"t":1,"nm":"Gradient Fill 1","mn":"ADBE Vector Graphic - G-Fill","hd":false},{"ty":"tr","p":{"a":0,"k":[90.072,96.923],"ix":2},"a":{"a":0,"k":[0,0],"ix":1},"s":{"a":0,"k":[100,100],"ix":3},"r":{"a":0,"k":0,"ix":6},"o":{"a":0,"k":100,"ix":7},"sk":{"a":0,"k":0,"ix":4},"sa":{"a":0,"k":0,"ix":5},"nm":"Transform"}],"nm":"Group 1","np":4,"cix":2,"ix":1,"mn":"ADBE Vector Group","hd":false}],"ip":0,"op":1820,"st":0,"bm":0},{"ddd":0,"ind":7,"ty":4,"nm":"Layer 11 Outlines","parent":11,"sr":1,"ks":{"o":{"a":0,"k":55,"ix":11},"r":{"a":0,"k":0,"ix":10},"p":{"a":0,"k":[91.51,97.446,0],"ix":2},"a":{"a":0,"k":[88.934,97.186,0],"ix":1},"s":{"a":0,"k":[100,100,100],"ix":6}},"ao":0,"shapes":[{"ty":"gr","it":[{"ty":"gr","it":[{"ind":0,"ty":"sh","ix":1,"ks":{"a":0,"k":{"i":[[-35.824,-25.772],[-8.827,2.803],[0,0],[17.492,12.545],[0,0],[0,0]],"o":[[35.944,25.858],[0,0],[0,0],[-14.602,-10.472],[0,0],[0.301,9.373]],"v":[[7.729,-30.378],[88.933,4.575],[-56.145,95.659],[-76.644,86.847],[-88.775,72.117],[-51.245,-96.178]],"c":true},"ix":2},"nm":"Path 5","mn":"ADBE Vector Shape - Group","hd":false},{"ty":"tr","p":{"a":0,"k":[0,0],"ix":2},"a":{"a":0,"k":[0,0],"ix":1},"s":{"a":0,"k":[100,100],"ix":3},"r":{"a":0,"k":0,"ix":6},"o":{"a":0,"k":100,"ix":7},"sk":{"a":0,"k":0,"ix":4},"sa":{"a":0,"k":0,"ix":5},"nm":"Transform"}],"nm":"Group 1","np":1,"cix":2,"ix":1,"mn":"ADBE Vector Group","hd":false},{"ty":"mm","mm":4,"nm":"Merge Paths 1","mn":"ADBE Vector Filter - Merge","hd":false},{"ty":"gf","o":{"a":0,"k":100,"ix":10},"r":1,"g":{"p":5,"k":{"a":0,"k":[0,1,1,1,0.249,1,1,1,0.497,1,1,1,0.749,1,1,1,1,1,1,1,0,0,0.214,0.5,0.495,1,0.748,0.5,1,0],"ix":9}},"s":{"a":0,"k":[-35,1],"ix":5},"e":{"a":0,"k":[14.5,67],"ix":6},"t":1,"nm":"Gradient Fill 1","mn":"ADBE Vector Graphic - G-Fill","hd":false},{"ty":"tr","p":{"a":0,"k":[88.934,98.193],"ix":2},"a":{"a":0,"k":[0,0],"ix":1},"s":{"a":0,"k":[100,100],"ix":3},"r":{"a":0,"k":0,"ix":6},"o":{"a":0,"k":100,"ix":7},"sk":{"a":0,"k":0,"ix":4},"sa":{"a":0,"k":0,"ix":5},"nm":"Transform"}],"nm":"Group 1","np":4,"cix":2,"ix":1,"mn":"ADBE Vector Group","hd":false}],"ip":0,"op":1820,"st":0,"bm":0},{"ddd":0,"ind":8,"ty":4,"nm":"Layer 12 Outlines","parent":11,"sr":1,"ks":{"o":{"a":0,"k":100,"ix":11},"r":{"a":0,"k":0,"ix":10},"p":{"a":0,"k":[92.464,81.625,0],"ix":2},"a":{"a":0,"k":[64.249,51.448,0],"ix":1},"s":{"a":0,"k":[100,100,100],"ix":6}},"ao":0,"shapes":[{"ty":"gr","it":[{"ty":"gr","it":[{"ind":0,"ty":"sh","ix":1,"ks":{"a":0,"k":{"i":[[0,0],[-28.163,-20.198],[-11.131,-3.302],[0,0],[0.299,0.071],[-0.149,-0.035],[26.751,19.245],[9.169,12.571],[0.854,1.401],[0.925,2.823]],"o":[[3.833,8.543],[28.168,20.202],[0,0],[0.151,0.035],[-0.3,-0.068],[-14.917,-0.704],[-19.646,-14.133],[-1.199,-1.602],[-2.149,-3.41],[0,0]],"v":[[-64.062,-26.59],[-17.625,20.582],[40.458,51.198],[63.761,36.549],[63.763,36.547],[63.754,36.547],[-7.251,5.699],[-50.966,-37.663],[-54.033,-42.165],[-58.557,-51.198]],"c":true},"ix":2},"nm":"Path 2","mn":"ADBE Vector Shape - Group","hd":false},{"ty":"tr","p":{"a":0,"k":[0,0],"ix":2},"a":{"a":0,"k":[0,0],"ix":1},"s":{"a":0,"k":[100,100],"ix":3},"r":{"a":0,"k":0,"ix":6},"o":{"a":0,"k":100,"ix":7},"sk":{"a":0,"k":0,"ix":4},"sa":{"a":0,"k":0,"ix":5},"nm":"Transform"}],"nm":"Group 1","np":1,"cix":2,"ix":1,"mn":"ADBE Vector Group","hd":false},{"ty":"mm","mm":4,"nm":"Merge Paths 1","mn":"ADBE Vector Filter - Merge","hd":false},{"ty":"gf","o":{"a":0,"k":100,"ix":10},"r":1,"g":{"p":3,"k":{"a":0,"k":[0,1,0.212,0.62,0.5,0.833,0.106,0.494,1,0.667,0,0.369],"ix":9}},"s":{"a":0,"k":[-57,-31],"ix":5},"e":{"a":0,"k":[59,51],"ix":6},"t":1,"nm":"Gradient Fill 1","mn":"ADBE Vector Graphic - G-Fill","hd":false},{"ty":"tr","p":{"a":0,"k":[64.312,51.448],"ix":2},"a":{"a":0,"k":[0,0],"ix":1},"s":{"a":0,"k":[100,100],"ix":3},"r":{"a":0,"k":0,"ix":6},"o":{"a":0,"k":100,"ix":7},"sk":{"a":0,"k":0,"ix":4},"sa":{"a":0,"k":0,"ix":5},"nm":"Transform"}],"nm":"Group 1","np":4,"cix":2,"ix":1,"mn":"ADBE Vector Group","hd":false}],"ip":0,"op":1820,"st":0,"bm":0},{"ddd":0,"ind":9,"ty":4,"nm":"Layer 15 Outlines","parent":11,"sr":1,"ks":{"o":{"a":0,"k":100,"ix":11},"r":{"a":0,"k":0,"ix":10},"p":{"a":0,"k":[60.033,127.027,0],"ix":2},"a":{"a":0,"k":[44.744,36.122,0],"ix":1},"s":{"a":0,"k":[100,100,100],"ix":6}},"ao":0,"shapes":[{"ty":"gr","it":[{"ty":"gr","it":[{"ind":0,"ty":"sh","ix":1,"ks":{"a":0,"k":{"i":[[0,0],[-13.099,-9.396],[-10.578,-5.622],[0,0],[15.876,11.422],[9.345,10.638]],"o":[[7.13,7.066],[15.693,11.254],[0,0],[-13.88,-5.584],[-15.473,-11.131],[0,0]],"v":[[-44.494,-13.949],[-12.077,12.542],[25.016,35.872],[44.494,23.643],[-1.703,-2.341],[-39.604,-35.872]],"c":true},"ix":2},"nm":"Path 2","mn":"ADBE Vector Shape - Group","hd":false},{"ty":"tr","p":{"a":0,"k":[0,0],"ix":2},"a":{"a":0,"k":[0,0],"ix":1},"s":{"a":0,"k":[100,100],"ix":3},"r":{"a":0,"k":0,"ix":6},"o":{"a":0,"k":100,"ix":7},"sk":{"a":0,"k":0,"ix":4},"sa":{"a":0,"k":0,"ix":5},"nm":"Transform"}],"nm":"Group 1","np":1,"cix":2,"ix":1,"mn":"ADBE Vector Group","hd":false},{"ty":"mm","mm":4,"nm":"Merge Paths 1","mn":"ADBE Vector Filter - Merge","hd":false},{"ty":"gf","o":{"a":0,"k":100,"ix":10},"r":1,"g":{"p":3,"k":{"a":0,"k":[0,1,0.212,0.62,0.5,0.833,0.106,0.494,1,0.667,0,0.369],"ix":9}},"s":{"a":0,"k":[-46.5,-24],"ix":5},"e":{"a":0,"k":[38.5,34.5],"ix":6},"t":1,"nm":"Gradient Fill 1","mn":"ADBE Vector Graphic - G-Fill","hd":false},{"ty":"tr","p":{"a":0,"k":[44.744,36.123],"ix":2},"a":{"a":0,"k":[0,0],"ix":1},"s":{"a":0,"k":[100,100],"ix":3},"r":{"a":0,"k":0,"ix":6},"o":{"a":0,"k":100,"ix":7},"sk":{"a":0,"k":0,"ix":4},"sa":{"a":0,"k":0,"ix":5},"nm":"Transform"}],"nm":"Group 1","np":4,"cix":2,"ix":1,"mn":"ADBE Vector Group","hd":false},{"ty":"gr","it":[{"ty":"tr","p":{"a":0,"k":[0,0],"ix":2},"a":{"a":0,"k":[0,0],"ix":1},"s":{"a":0,"k":[100,100],"ix":3},"r":{"a":0,"k":0,"ix":6},"o":{"a":0,"k":100,"ix":7},"sk":{"a":0,"k":0,"ix":4},"sa":{"a":0,"k":0,"ix":5},"nm":"Transform"}],"nm":"Group 2","np":0,"cix":2,"ix":2,"mn":"ADBE Vector Group","hd":false}],"ip":0,"op":1820,"st":0,"bm":0},{"ddd":0,"ind":10,"ty":4,"nm":"Layer 13 Outlines","parent":11,"sr":1,"ks":{"o":{"a":0,"k":100,"ix":11},"r":{"a":0,"k":0,"ix":10},"p":{"a":0,"k":[33.936,162.791,0],"ix":2},"a":{"a":0,"k":[27.945,23.649,0],"ix":1},"s":{"a":0,"k":[100,100,100],"ix":6}},"ao":0,"shapes":[{"ty":"gr","it":[{"ty":"gr","it":[{"ind":0,"ty":"sh","ix":1,"ks":{"a":0,"k":{"i":[[0,0],[-11.263,-8.078],[-5.088,-1.98],[0,0],[12.03,8.628],[4.514,5.356]],"o":[[2.238,3.922],[10.642,7.631],[0,0],[-7.128,-3.492],[-11.738,-8.419],[0,0]],"v":[[-27.695,-8.016],[-9.093,9.818],[14.018,23.398],[27.695,14.813],[-0.726,-2.829],[-24.265,-23.398]],"c":true},"ix":2},"nm":"Path 2","mn":"ADBE Vector Shape - Group","hd":false},{"ty":"tr","p":{"a":0,"k":[0,0],"ix":2},"a":{"a":0,"k":[0,0],"ix":1},"s":{"a":0,"k":[100,100],"ix":3},"r":{"a":0,"k":0,"ix":6},"o":{"a":0,"k":100,"ix":7},"sk":{"a":0,"k":0,"ix":4},"sa":{"a":0,"k":0,"ix":5},"nm":"Transform"}],"nm":"Group 1","np":1,"cix":2,"ix":1,"mn":"ADBE Vector Group","hd":false},{"ty":"mm","mm":4,"nm":"Merge Paths 1","mn":"ADBE Vector Filter - Merge","hd":false},{"ty":"gf","o":{"a":0,"k":100,"ix":10},"r":1,"g":{"p":3,"k":{"a":0,"k":[0,1,0.212,0.62,0.5,0.833,0.106,0.494,1,0.667,0,0.369],"ix":9}},"s":{"a":0,"k":[-24.5,-16.5],"ix":5},"e":{"a":0,"k":[24.5,23],"ix":6},"t":1,"nm":"Gradient Fill 1","mn":"ADBE Vector Graphic - G-Fill","hd":false},{"ty":"tr","p":{"a":0,"k":[27.945,23.649],"ix":2},"a":{"a":0,"k":[0,0],"ix":1},"s":{"a":0,"k":[100,100],"ix":3},"r":{"a":0,"k":0,"ix":6},"o":{"a":0,"k":100,"ix":7},"sk":{"a":0,"k":0,"ix":4},"sa":{"a":0,"k":0,"ix":5},"nm":"Transform"}],"nm":"Group 1","np":4,"cix":2,"ix":1,"mn":"ADBE Vector Group","hd":false}],"ip":0,"op":1820,"st":0,"bm":0},{"ddd":0,"ind":11,"ty":4,"nm":"body","sr":1,"ks":{"o":{"a":0,"k":100,"ix":11},"r":{"a":1,"k":[{"i":{"x":[0.667],"y":[1]},"o":{"x":[0.333],"y":[0]},"n":["0p667_1_0p333_0"],"t":12,"s":[0],"e":[3]},{"i":{"x":[0.667],"y":[1]},"o":{"x":[0.333],"y":[0]},"n":["0p667_1_0p333_0"],"t":17,"s":[3],"e":[-3]},{"i":{"x":[0.667],"y":[1]},"o":{"x":[0.333],"y":[0]},"n":["0p667_1_0p333_0"],"t":20,"s":[-3],"e":[2]},{"i":{"x":[0.667],"y":[1]},"o":{"x":[0.333],"y":[0]},"n":["0p667_1_0p333_0"],"t":23,"s":[2],"e":[-2]},{"i":{"x":[0.667],"y":[1]},"o":{"x":[0.333],"y":[0]},"n":["0p667_1_0p333_0"],"t":26,"s":[-2],"e":[1]},{"i":{"x":[0.667],"y":[1]},"o":{"x":[0.333],"y":[0]},"n":["0p667_1_0p333_0"],"t":29,"s":[1],"e":[-1]},{"i":{"x":[0.833],"y":[1]},"o":{"x":[0.167],"y":[0]},"n":["0p833_1_0p167_0"],"t":32,"s":[-1],"e":[0]},{"t":36}],"ix":10},"p":{"a":1,"k":[{"i":{"x":0.143,"y":1},"o":{"x":0.773,"y":0},"n":"0p143_1_0p773_0","t":3,"s":[379.163,329.823,0],"e":[359.663,355.073,0],"to":[0,0,0],"ti":[0,0,0]},{"i":{"x":0.142,"y":1},"o":{"x":0.783,"y":0},"n":"0p142_1_0p783_0","t":46,"s":[359.663,355.073,0],"e":[379.163,329.823,0],"to":[0,0,0],"ti":[0,0,0]},{"t":91}],"ix":2},"a":{"a":0,"k":[23.423,171.293,0],"ix":1},"s":{"a":0,"k":[100,100,100],"ix":6}},"ao":0,"shapes":[{"ty":"gr","it":[{"ty":"gr","it":[{"ind":0,"ty":"sh","ix":1,"ks":{"a":0,"k":{"i":[[0,0],[-14.601,-10.472],[0,0],[0,0],[54.117,41.674],[0,0]],"o":[[0,0],[17.493,12.545],[0,0],[0,0],[-52.81,-40.667],[0,0]],"v":[[-88.453,71.518],[-76.322,86.248],[-55.822,95.06],[90.923,2.928],[2.646,-37.655],[-50.474,-98.793]],"c":true},"ix":2},"nm":"Path 2","mn":"ADBE Vector Shape - Group","hd":false},{"ty":"tr","p":{"a":0,"k":[0,0],"ix":2},"a":{"a":0,"k":[0,0],"ix":1},"s":{"a":0,"k":[100,100],"ix":3},"r":{"a":0,"k":0,"ix":6},"o":{"a":0,"k":100,"ix":7},"sk":{"a":0,"k":0,"ix":4},"sa":{"a":0,"k":0,"ix":5},"nm":"Transform"}],"nm":"Group 1","np":1,"cix":2,"ix":1,"mn":"ADBE Vector Group","hd":false},{"ty":"mm","mm":4,"nm":"Merge Paths 1","mn":"ADBE Vector Filter - Merge","hd":false},{"ty":"gf","o":{"a":0,"k":100,"ix":10},"r":1,"g":{"p":3,"k":{"a":0,"k":[0,0.98,0.902,0.447,0.5,0.927,0.82,0.316,1,0.875,0.737,0.184],"ix":9}},"s":{"a":0,"k":[70.5,-9.5],"ix":5},"e":{"a":0,"k":[-89,91],"ix":6},"t":1,"nm":"Gradient Fill 1","mn":"ADBE Vector Graphic - G-Fill","hd":false},{"ty":"tr","p":{"a":0,"k":[91.173,99.043],"ix":2},"a":{"a":0,"k":[0,0],"ix":1},"s":{"a":0,"k":[100,100],"ix":3},"r":{"a":0,"k":0,"ix":6},"o":{"a":0,"k":100,"ix":7},"sk":{"a":0,"k":0,"ix":4},"sa":{"a":0,"k":0,"ix":5},"nm":"Transform"}],"nm":"Group 1","np":4,"cix":2,"ix":1,"mn":"ADBE Vector Group","hd":false}],"ip":0,"op":1820,"st":0,"bm":0},{"ddd":0,"ind":12,"ty":4,"nm":"Layer 5 Outlines","parent":13,"sr":1,"ks":{"o":{"a":1,"k":[{"i":{"x":[0],"y":[1]},"o":{"x":[0.103],"y":[0]},"n":["0_1_0p103_0"],"t":39,"s":[100],"e":[0]},{"t":75}],"ix":11},"r":{"a":0,"k":0,"ix":10},"p":{"a":0,"k":[9.467,72.833,0],"ix":2},"a":{"a":0,"k":[9.356,21.262,0],"ix":1},"s":{"a":0,"k":[100,100,100],"ix":6}},"ao":0,"shapes":[{"ty":"gr","it":[{"ind":0,"ty":"sh","ix":1,"ks":{"a":0,"k":{"i":[[1.82,1.943],[-0.902,10.208],[-2.312,0.92],[-0.26,0.206],[4.046,-9.131]],"o":[[5.185,-10.54],[3.332,-1.242],[0.277,-0.199],[-2.551,17.52],[-2.039,-2.025]],"v":[[-9.106,15.056],[-0.486,-16.464],[8.322,-20.395],[9.106,-21.012],[-3.319,21.012]],"c":true},"ix":2},"nm":"Path 1","mn":"ADBE Vector Shape - Group","hd":false},{"ty":"mm","mm":4,"nm":"Merge Paths 1","mn":"ADBE Vector Filter - Merge","hd":false},{"ty":"fl","c":{"a":0,"k":[1,0.451000019148,0,1],"ix":4},"o":{"a":0,"k":100,"ix":5},"r":1,"nm":"Fill 1","mn":"ADBE Vector Graphic - Fill","hd":false},{"ty":"tr","p":{"a":0,"k":[9.356,21.262],"ix":2},"a":{"a":0,"k":[0,0],"ix":1},"s":{"a":0,"k":[100,100],"ix":3},"r":{"a":0,"k":0,"ix":6},"o":{"a":0,"k":100,"ix":7},"sk":{"a":0,"k":0,"ix":4},"sa":{"a":0,"k":0,"ix":5},"nm":"Transform"}],"nm":"Group 1","np":3,"cix":2,"ix":1,"mn":"ADBE Vector Group","hd":false}],"ip":13,"op":1820,"st":0,"bm":0},{"ddd":0,"ind":13,"ty":4,"nm":"Layer 6 Outlines","sr":1,"ks":{"o":{"a":1,"k":[{"i":{"x":[0],"y":[1]},"o":{"x":[0.103],"y":[0]},"n":["0_1_0p103_0"],"t":50,"s":[100],"e":[0]},{"t":76}],"ix":11},"r":{"a":1,"k":[{"i":{"x":[0],"y":[1]},"o":{"x":[0.059],"y":[0]},"n":["0_1_0p059_0"],"t":16,"s":[20],"e":[0]},{"t":76}],"ix":10},"p":{"a":1,"k":[{"i":{"x":0,"y":1},"o":{"x":0.059,"y":0},"n":"0_1_0p059_0","t":16,"s":[388.08,295.511,0],"e":[437.08,66.511,0],"to":[0,0,0],"ti":[2.33333325386047,98.8333358764648,0]},{"t":76}],"ix":2},"a":{"a":0,"k":[14.391,47.047,0],"ix":1},"s":{"a":0,"k":[100,100,100],"ix":6}},"ao":0,"shapes":[{"ty":"gr","it":[{"ind":0,"ty":"sh","ix":1,"ks":{"a":0,"k":{"i":[[1.823,1.946],[0,0],[0,0],[7.842,-17.683]],"o":[[20.375,-41.388],[0,0],[15.613,34.765],[-2.043,-2.029]],"v":[[-14.042,40.829],[-14.141,-45.557],[-1.472,-46.797],[-8.245,46.797]],"c":true},"ix":2},"nm":"Path 1","mn":"ADBE Vector Shape - Group","hd":false},{"ty":"mm","mm":4,"nm":"Merge Paths 1","mn":"ADBE Vector Filter - Merge","hd":false},{"ty":"fl","c":{"a":0,"k":[1,0.6,0,1],"ix":4},"o":{"a":0,"k":100,"ix":5},"r":1,"nm":"Fill 1","mn":"ADBE Vector Graphic - Fill","hd":false},{"ty":"tr","p":{"a":0,"k":[14.391,47.047],"ix":2},"a":{"a":0,"k":[0,0],"ix":1},"s":{"a":0,"k":[100,100],"ix":3},"r":{"a":0,"k":0,"ix":6},"o":{"a":0,"k":100,"ix":7},"sk":{"a":0,"k":0,"ix":4},"sa":{"a":0,"k":0,"ix":5},"nm":"Transform"}],"nm":"Group 1","np":3,"cix":2,"ix":1,"mn":"ADBE Vector Group","hd":false}],"ip":24,"op":1831,"st":11,"bm":0},{"ddd":0,"ind":14,"ty":4,"nm":"Layer 7 Outlines","sr":1,"ks":{"o":{"a":1,"k":[{"i":{"x":[0],"y":[1]},"o":{"x":[0.333],"y":[0]},"n":["0_1_0p333_0"],"t":63,"s":[100],"e":[0]},{"t":85}],"ix":11},"r":{"a":1,"k":[{"i":{"x":[0],"y":[1]},"o":{"x":[0.215],"y":[0]},"n":["0_1_0p215_0"],"t":29,"s":[-587],"e":[0]},{"t":85}],"ix":10},"p":{"a":1,"k":[{"i":{"x":0,"y":1},"o":{"x":0.215,"y":0},"n":"0_1_0p215_0","t":29,"s":[394.074,321.989,0],"e":[664.074,116.989,0],"to":[46,-46.1666679382324,0],"ti":[-103,37.1666679382324,0]},{"t":85}],"ix":2},"a":{"a":0,"k":[25.895,17.797,0],"ix":1},"s":{"a":0,"k":[100,100,100],"ix":6}},"ao":0,"shapes":[{"ty":"gr","it":[{"ind":0,"ty":"sh","ix":1,"ks":{"a":0,"k":{"i":[[-2.259,-2.563],[20.45,-24.125],[-0.25,7.39],[-31.685,-5.064]],"o":[[0,0],[0,0],[0,0],[0,0]],"v":[[25.645,4.143],[-23.387,17.547],[-25.395,5.387],[24.009,-12.483]],"c":true},"ix":2},"nm":"Path 1","mn":"ADBE Vector Shape - Group","hd":false},{"ty":"mm","mm":4,"nm":"Merge Paths 1","mn":"ADBE Vector Filter - Merge","hd":false},{"ty":"fl","c":{"a":0,"k":[0.505999995213,0.004000000393,0.493999974868,1],"ix":4},"o":{"a":0,"k":100,"ix":5},"r":1,"nm":"Fill 1","mn":"ADBE Vector Graphic - Fill","hd":false},{"ty":"tr","p":{"a":0,"k":[25.895,17.797],"ix":2},"a":{"a":0,"k":[0,0],"ix":1},"s":{"a":0,"k":[100,100],"ix":3},"r":{"a":0,"k":0,"ix":6},"o":{"a":0,"k":100,"ix":7},"sk":{"a":0,"k":0,"ix":4},"sa":{"a":0,"k":0,"ix":5},"nm":"Transform"}],"nm":"Group 1","np":3,"cix":2,"ix":1,"mn":"ADBE Vector Group","hd":false}],"ip":29,"op":1844,"st":24,"bm":0},{"ddd":1,"ind":15,"ty":4,"nm":"Layer 8 Outlines","sr":1,"ks":{"o":{"a":1,"k":[{"i":{"x":[0],"y":[1]},"o":{"x":[0.333],"y":[0]},"n":["0_1_0p333_0"],"t":53,"s":[100],"e":[0]},{"t":76}],"ix":11},"rx":{"a":0,"k":0,"ix":8},"ry":{"a":0,"k":0,"ix":9},"rz":{"a":0,"k":0,"ix":10},"or":{"a":1,"k":[{"i":{"x":0,"y":1},"o":{"x":0.059,"y":0},"n":"0_1_0p059_0","t":25,"s":[0,39,15],"e":[0,0,0],"to":[15,0,0],"ti":[0,0,0]},{"t":76}],"ix":7},"p":{"a":1,"k":[{"i":{"x":0,"y":1},"o":{"x":0.059,"y":0},"n":"0_1_0p059_0","t":25,"s":[405.346,299.209,0],"e":[518.346,88.209,0],"to":[18.8333339691162,-35.1666679382324,0],"ti":[-18.8333339691162,35.1666679382324,0]},{"t":76}],"ix":2},"a":{"a":0,"k":[40.248,59.46,0],"ix":1},"s":{"a":0,"k":[100,100,100],"ix":6}},"ao":0,"shapes":[{"ty":"gr","it":[{"ind":0,"ty":"sh","ix":1,"ks":{"a":0,"k":{"i":[[0.563,5.791],[0.016,-0.043],[0.218,0.417],[0,0],[4.373,-1.203]],"o":[[0.248,0.183],[8.29,-5.51],[3.321,1.699],[-2.946,20.55],[1.905,-5.191]],"v":[[-9.17,1.485],[-8.799,1.844],[3.205,-18.227],[11.265,-9.163],[-11.265,18.227]],"c":true},"ix":2},"nm":"Path 1","mn":"ADBE Vector Shape - Group","hd":false},{"ty":"mm","mm":4,"nm":"Merge Paths 1","mn":"ADBE Vector Filter - Merge","hd":false},{"ty":"fl","c":{"a":0,"k":[0.187999994615,0.647000002394,0.698000021542,1],"ix":4},"o":{"a":0,"k":100,"ix":5},"r":1,"nm":"Fill 1","mn":"ADBE Vector Graphic - Fill","hd":false},{"ty":"tr","p":{"a":0,"k":[68.981,18.477],"ix":2},"a":{"a":0,"k":[0,0],"ix":1},"s":{"a":0,"k":[100,100],"ix":3},"r":{"a":0,"k":0,"ix":6},"o":{"a":0,"k":100,"ix":7},"sk":{"a":0,"k":0,"ix":4},"sa":{"a":0,"k":0,"ix":5},"nm":"Transform"}],"nm":"Group 1","np":3,"cix":2,"ix":1,"mn":"ADBE Vector Group","hd":false},{"ty":"gr","it":[{"ind":0,"ty":"sh","ix":1,"ks":{"a":0,"k":{"i":[[-1.356,-4.647],[0.218,-1.862],[0,0],[-6.047,2.703],[-0.186,0.074],[10.15,13.045]],"o":[[0.521,1.798],[-6.816,10.993],[-1.305,-1.442],[0.158,-0.063],[6.596,-2.604],[4.599,2.643]],"v":[[16.292,-4.44],[16.61,1.086],[-6.271,16.228],[-10.868,2.639],[-10.351,2.43],[6.765,-16.228]],"c":true},"ix":2},"nm":"Path 1","mn":"ADBE Vector Shape - Group","hd":false},{"ty":"mm","mm":4,"nm":"Merge Paths 1","mn":"ADBE Vector Filter - Merge","hd":false},{"ty":"fl","c":{"a":0,"k":[0.187999994615,0.647000002394,0.698000021542,1],"ix":4},"o":{"a":0,"k":100,"ix":5},"r":1,"nm":"Fill 1","mn":"ADBE Vector Graphic - Fill","hd":false},{"ty":"tr","p":{"a":0,"k":[17.165,102.442],"ix":2},"a":{"a":0,"k":[0,0],"ix":1},"s":{"a":0,"k":[100,100],"ix":3},"r":{"a":0,"k":0,"ix":6},"o":{"a":0,"k":100,"ix":7},"sk":{"a":0,"k":0,"ix":4},"sa":{"a":0,"k":0,"ix":5},"nm":"Transform"}],"nm":"Group 2","np":3,"cix":2,"ix":2,"mn":"ADBE Vector Group","hd":false},{"ty":"gr","it":[{"ind":0,"ty":"sh","ix":1,"ks":{"a":0,"k":{"i":[[-1.305,-1.442],[4.42,22.253],[6.659,7.939],[-24.26,15.66],[-8.767,-19.382],[-3.446,24.053],[3.322,1.699],[8.29,-5.51],[15.112,-25.748],[-11.788,-14.024],[6.714,-2.65],[0.158,-0.063]],"o":[[0,0],[0,0],[-6.66,-7.947],[0,0],[0,0],[0,0],[0.218,0.417],[0.197,-0.642],[-15.114,25.746],[11.473,13.65],[-0.186,0.074],[-6.047,2.703]],"v":[[-29.354,59.21],[-3.909,29.27],[-12.812,12.641],[-6.056,-32.717],[16.28,-22.471],[39.998,-50.146],[31.938,-59.21],[19.935,-39.138],[-22.994,-30.875],[-16.872,26.05],[-33.434,45.412],[-33.951,45.621]],"c":true},"ix":2},"nm":"Path 1","mn":"ADBE Vector Shape - Group","hd":false},{"ty":"mm","mm":4,"nm":"Merge Paths 1","mn":"ADBE Vector Filter - Merge","hd":false},{"ty":"fl","c":{"a":0,"k":[0.250999989229,0.773000021542,0.859000052658,1],"ix":4},"o":{"a":0,"k":100,"ix":5},"r":1,"nm":"Fill 1","mn":"ADBE Vector Graphic - Fill","hd":false},{"ty":"tr","p":{"a":0,"k":[40.248,59.46],"ix":2},"a":{"a":0,"k":[0,0],"ix":1},"s":{"a":0,"k":[100,100],"ix":3},"r":{"a":0,"k":0,"ix":6},"o":{"a":0,"k":100,"ix":7},"sk":{"a":0,"k":0,"ix":4},"sa":{"a":0,"k":0,"ix":5},"nm":"Transform"}],"nm":"Group 3","np":3,"cix":2,"ix":3,"mn":"ADBE Vector Group","hd":false}],"ip":25,"op":1834,"st":14,"bm":0},{"ddd":0,"ind":16,"ty":4,"nm":"Layer 17 Outlines","sr":1,"ks":{"o":{"a":1,"k":[{"i":{"x":[0],"y":[1]},"o":{"x":[0.333],"y":[0]},"n":["0_1_0p333_0"],"t":54,"s":[100],"e":[0]},{"t":90}],"ix":11},"r":{"a":0,"k":0,"ix":10},"p":{"a":1,"k":[{"i":{"x":0,"y":1},"o":{"x":0.215,"y":0},"n":"0_1_0p215_0","t":20,"s":[377.581,325.247,0],"e":[484.581,18.247,0],"to":[17.8333339691162,-51.1666679382324,0],"ti":[-17.8333339691162,51.1666679382324,0]},{"t":90}],"ix":2},"a":{"a":0,"k":[6.938,6.937,0],"ix":1},"s":{"a":0,"k":[100,100,100],"ix":6}},"ao":0,"shapes":[{"ty":"gr","it":[{"ind":0,"ty":"sh","ix":1,"ks":{"a":0,"k":{"i":[[1.897,-2.645],[-2.645,-1.897],[-1.897,2.645],[2.645,1.896]],"o":[[-1.897,2.645],[2.644,1.896],[1.897,-2.645],[-2.645,-1.897]],"v":[[-4.79,-3.436],[-3.435,4.791],[4.79,3.436],[3.436,-4.79]],"c":true},"ix":2},"nm":"Path 1","mn":"ADBE Vector Shape - Group","hd":false},{"ty":"gr","it":[{"ty":"tr","p":{"a":0,"k":[0,0],"ix":2},"a":{"a":0,"k":[0,0],"ix":1},"s":{"a":0,"k":[100,100],"ix":3},"r":{"a":0,"k":0,"ix":6},"o":{"a":0,"k":100,"ix":7},"sk":{"a":0,"k":0,"ix":4},"sa":{"a":0,"k":0,"ix":5},"nm":"Transform"}],"nm":"Group 1","np":0,"cix":2,"ix":2,"mn":"ADBE Vector Group","hd":false},{"ty":"mm","mm":4,"nm":"Merge Paths 1","mn":"ADBE Vector Filter - Merge","hd":false},{"ty":"fl","c":{"a":0,"k":[0.877999997606,0.258999992819,0.910000011968,1],"ix":4},"o":{"a":0,"k":100,"ix":5},"r":1,"nm":"Fill 1","mn":"ADBE Vector Graphic - Fill","hd":false},{"ty":"tr","p":{"a":0,"k":[6.938,6.937],"ix":2},"a":{"a":0,"k":[0,0],"ix":1},"s":{"a":0,"k":[100,100],"ix":3},"r":{"a":0,"k":0,"ix":6},"o":{"a":0,"k":100,"ix":7},"sk":{"a":0,"k":0,"ix":4},"sa":{"a":0,"k":0,"ix":5},"nm":"Transform"}],"nm":"Group 1","np":4,"cix":2,"ix":1,"mn":"ADBE Vector Group","hd":false}],"ip":20,"op":1835,"st":15,"bm":0},{"ddd":0,"ind":17,"ty":4,"nm":"Layer 18 Outlines","sr":1,"ks":{"o":{"a":1,"k":[{"i":{"x":[0],"y":[1]},"o":{"x":[0.333],"y":[0]},"n":["0_1_0p333_0"],"t":51,"s":[100],"e":[0]},{"t":72}],"ix":11},"r":{"a":1,"k":[{"i":{"x":[0],"y":[1]},"o":{"x":[0.215],"y":[0]},"n":["0_1_0p215_0"],"t":17,"s":[559],"e":[0]},{"t":72}],"ix":10},"p":{"a":1,"k":[{"i":{"x":0,"y":1},"o":{"x":0.215,"y":0},"n":"0_1_0p215_0","t":17,"s":[376.635,332.484,0],"e":[655.635,185.484,0],"to":[44,-57.5,0],"ti":[-114.5,9.5,0]},{"t":72}],"ix":2},"a":{"a":0,"k":[10.797,17.383,0],"ix":1},"s":{"a":0,"k":[100,100,100],"ix":6}},"ao":0,"shapes":[{"ty":"gr","it":[{"ind":0,"ty":"sh","ix":1,"ks":{"a":0,"k":{"i":[[-3.584,0.581],[0.158,3.212],[0,0],[0,0]],"o":[[0,0],[-0.16,-3.201],[0,0],[0,0]],"v":[[10.547,15.635],[7.479,-13.932],[-10.547,-13.04],[-3.439,17.133]],"c":true},"ix":2},"nm":"Path 1","mn":"ADBE Vector Shape - Group","hd":false},{"ty":"gr","it":[{"ty":"tr","p":{"a":0,"k":[0,0],"ix":2},"a":{"a":0,"k":[0,0],"ix":1},"s":{"a":0,"k":[100,100],"ix":3},"r":{"a":0,"k":0,"ix":6},"o":{"a":0,"k":100,"ix":7},"sk":{"a":0,"k":0,"ix":4},"sa":{"a":0,"k":0,"ix":5},"nm":"Transform"}],"nm":"Group 1","np":0,"cix":2,"ix":2,"mn":"ADBE Vector Group","hd":false},{"ty":"mm","mm":4,"nm":"Merge Paths 1","mn":"ADBE Vector Filter - Merge","hd":false},{"ty":"fl","c":{"a":0,"k":[0.416000007181,0.776000019148,0.823999980852,1],"ix":4},"o":{"a":0,"k":100,"ix":5},"r":1,"nm":"Fill 1","mn":"ADBE Vector Graphic - Fill","hd":false},{"ty":"tr","p":{"a":0,"k":[10.796,17.383],"ix":2},"a":{"a":0,"k":[0,0],"ix":1},"s":{"a":0,"k":[100,100],"ix":3},"r":{"a":0,"k":0,"ix":6},"o":{"a":0,"k":100,"ix":7},"sk":{"a":0,"k":0,"ix":4},"sa":{"a":0,"k":0,"ix":5},"nm":"Transform"}],"nm":"Group 1","np":4,"cix":2,"ix":1,"mn":"ADBE Vector Group","hd":false}],"ip":24,"op":1832,"st":12,"bm":0},{"ddd":0,"ind":18,"ty":4,"nm":"Layer 19 Outlines","sr":1,"ks":{"o":{"a":1,"k":[{"i":{"x":[0],"y":[1]},"o":{"x":[0.103],"y":[0]},"n":["0_1_0p103_0"],"t":42,"s":[100],"e":[0]},{"t":65}],"ix":11},"r":{"a":0,"k":0,"ix":10},"p":{"a":1,"k":[{"i":{"x":0,"y":1},"o":{"x":0.059,"y":0},"n":"0_1_0p059_0","t":8,"s":[381.65,333.043,0],"e":[657.65,280.043,0],"to":[51,-83,0],"ti":[-113.5,-149,0]},{"t":65}],"ix":2},"a":{"a":0,"k":[5.193,5.19,0],"ix":1},"s":{"a":0,"k":[100,100,100],"ix":6}},"ao":0,"shapes":[{"ty":"gr","it":[{"ind":0,"ty":"sh","ix":1,"ks":{"a":0,"k":{"i":[[1.402,-1.954],[-1.953,-1.401],[-1.402,1.956],[1.953,1.401]],"o":[[-1.402,1.956],[1.954,1.4],[1.402,-1.954],[-1.954,-1.401]],"v":[[-3.541,-2.542],[-2.538,3.54],[3.541,2.538],[2.54,-3.54]],"c":true},"ix":2},"nm":"Path 1","mn":"ADBE Vector Shape - Group","hd":false},{"ty":"gr","it":[{"ty":"tr","p":{"a":0,"k":[0,0],"ix":2},"a":{"a":0,"k":[0,0],"ix":1},"s":{"a":0,"k":[100,100],"ix":3},"r":{"a":0,"k":0,"ix":6},"o":{"a":0,"k":100,"ix":7},"sk":{"a":0,"k":0,"ix":4},"sa":{"a":0,"k":0,"ix":5},"nm":"Transform"}],"nm":"Group 1","np":0,"cix":2,"ix":2,"mn":"ADBE Vector Group","hd":false},{"ty":"mm","mm":4,"nm":"Merge Paths 1","mn":"ADBE Vector Filter - Merge","hd":false},{"ty":"fl","c":{"a":0,"k":[0.791999966491,0,0.176000004189,1],"ix":4},"o":{"a":0,"k":100,"ix":5},"r":1,"nm":"Fill 1","mn":"ADBE Vector Graphic - Fill","hd":false},{"ty":"tr","p":{"a":0,"k":[5.193,5.191],"ix":2},"a":{"a":0,"k":[0,0],"ix":1},"s":{"a":0,"k":[100,100],"ix":3},"r":{"a":0,"k":0,"ix":6},"o":{"a":0,"k":100,"ix":7},"sk":{"a":0,"k":0,"ix":4},"sa":{"a":0,"k":0,"ix":5},"nm":"Transform"}],"nm":"Group 1","np":4,"cix":2,"ix":1,"mn":"ADBE Vector Group","hd":false}],"ip":16,"op":1823,"st":3,"bm":0},{"ddd":0,"ind":19,"ty":4,"nm":"Layer 20 Outlines","sr":1,"ks":{"o":{"a":1,"k":[{"i":{"x":[0],"y":[1]},"o":{"x":[0.333],"y":[0]},"n":["0_1_0p333_0"],"t":54,"s":[100],"e":[0]},{"t":77}],"ix":11},"r":{"a":0,"k":0,"ix":10},"p":{"a":1,"k":[{"i":{"x":0,"y":1},"o":{"x":0.059,"y":0},"n":"0_1_0p059_0","t":20,"s":[383.953,330.257,0],"e":[363.453,89.257,0],"to":[41.1666679382324,-97.1666641235352,0],"ti":[39.8333320617676,47.6666679382324,0]},{"t":77}],"ix":2},"a":{"a":0,"k":[6.938,6.936,0],"ix":1},"s":{"a":0,"k":[100,100,100],"ix":6}},"ao":0,"shapes":[{"ty":"gr","it":[{"ind":0,"ty":"sh","ix":1,"ks":{"a":0,"k":{"i":[[1.897,-2.645],[-2.644,-1.897],[-1.897,2.645],[2.642,1.895]],"o":[[-1.897,2.645],[2.643,1.895],[1.897,-2.645],[-2.644,-1.896]],"v":[[-4.79,-3.436],[-3.436,4.791],[4.79,3.435],[3.436,-4.79]],"c":true},"ix":2},"nm":"Path 1","mn":"ADBE Vector Shape - Group","hd":false},{"ty":"gr","it":[{"ty":"tr","p":{"a":0,"k":[0,0],"ix":2},"a":{"a":0,"k":[0,0],"ix":1},"s":{"a":0,"k":[100,100],"ix":3},"r":{"a":0,"k":0,"ix":6},"o":{"a":0,"k":100,"ix":7},"sk":{"a":0,"k":0,"ix":4},"sa":{"a":0,"k":0,"ix":5},"nm":"Transform"}],"nm":"Group 1","np":0,"cix":2,"ix":2,"mn":"ADBE Vector Group","hd":false},{"ty":"mm","mm":4,"nm":"Merge Paths 1","mn":"ADBE Vector Filter - Merge","hd":false},{"ty":"fl","c":{"a":0,"k":[0.877999997606,0.258999992819,0.910000011968,1],"ix":4},"o":{"a":0,"k":100,"ix":5},"r":1,"nm":"Fill 1","mn":"ADBE Vector Graphic - Fill","hd":false},{"ty":"tr","p":{"a":0,"k":[6.938,6.936],"ix":2},"a":{"a":0,"k":[0,0],"ix":1},"s":{"a":0,"k":[100,100],"ix":3},"r":{"a":0,"k":0,"ix":6},"o":{"a":0,"k":100,"ix":7},"sk":{"a":0,"k":0,"ix":4},"sa":{"a":0,"k":0,"ix":5},"nm":"Transform"}],"nm":"Group 1","np":4,"cix":2,"ix":1,"mn":"ADBE Vector Group","hd":false}],"ip":20,"op":1835,"st":15,"bm":0},{"ddd":0,"ind":20,"ty":4,"nm":"Layer 21 Outlines","sr":1,"ks":{"o":{"a":1,"k":[{"i":{"x":[0],"y":[1]},"o":{"x":[0.333],"y":[0]},"n":["0_1_0p333_0"],"t":58,"s":[100],"e":[0]},{"t":82}],"ix":11},"r":{"a":0,"k":0,"ix":10},"p":{"a":1,"k":[{"i":{"x":0,"y":1},"o":{"x":0.059,"y":0},"n":"0_1_0p059_0","t":24,"s":[378.913,324.43,0],"e":[514.413,68.93,0],"to":[22.5833339691162,-42.5833320617676,0],"ti":[-22.5833339691162,42.5833320617676,0]},{"t":82}],"ix":2},"a":{"a":0,"k":[7.52,7.52,0],"ix":1},"s":{"a":0,"k":[100,100,100],"ix":6}},"ao":0,"shapes":[{"ty":"gr","it":[{"ind":0,"ty":"sh","ix":1,"ks":{"a":0,"k":{"i":[[2.062,-2.875],[-2.875,-2.062],[-2.061,2.875],[2.876,2.063]],"o":[[-2.063,2.875],[2.876,2.063],[2.063,-2.875],[-2.875,-2.062]],"v":[[-5.206,-3.737],[-3.736,5.207],[5.207,3.733],[3.733,-5.207]],"c":true},"ix":2},"nm":"Path 1","mn":"ADBE Vector Shape - Group","hd":false},{"ty":"gr","it":[{"ty":"tr","p":{"a":0,"k":[0,0],"ix":2},"a":{"a":0,"k":[0,0],"ix":1},"s":{"a":0,"k":[100,100],"ix":3},"r":{"a":0,"k":0,"ix":6},"o":{"a":0,"k":100,"ix":7},"sk":{"a":0,"k":0,"ix":4},"sa":{"a":0,"k":0,"ix":5},"nm":"Transform"}],"nm":"Group 1","np":0,"cix":2,"ix":2,"mn":"ADBE Vector Group","hd":false},{"ty":"mm","mm":4,"nm":"Merge Paths 1","mn":"ADBE Vector Filter - Merge","hd":false},{"ty":"fl","c":{"a":0,"k":[0.877999997606,0.258999992819,0.910000011968,1],"ix":4},"o":{"a":0,"k":100,"ix":5},"r":1,"nm":"Fill 1","mn":"ADBE Vector Graphic - Fill","hd":false},{"ty":"tr","p":{"a":0,"k":[7.519,7.52],"ix":2},"a":{"a":0,"k":[0,0],"ix":1},"s":{"a":0,"k":[100,100],"ix":3},"r":{"a":0,"k":0,"ix":6},"o":{"a":0,"k":100,"ix":7},"sk":{"a":0,"k":0,"ix":4},"sa":{"a":0,"k":0,"ix":5},"nm":"Transform"}],"nm":"Group 1","np":4,"cix":2,"ix":1,"mn":"ADBE Vector Group","hd":false}],"ip":24,"op":1839,"st":19,"bm":0},{"ddd":0,"ind":21,"ty":4,"nm":"Layer 22 Outlines","sr":1,"ks":{"o":{"a":1,"k":[{"i":{"x":[0],"y":[1]},"o":{"x":[0.333],"y":[0]},"n":["0_1_0p333_0"],"t":52,"s":[100],"e":[0]},{"t":76}],"ix":11},"r":{"a":1,"k":[{"i":{"x":[0],"y":[1]},"o":{"x":[0.059],"y":[0]},"n":["0_1_0p059_0"],"t":18,"s":[533],"e":[0]},{"t":76}],"ix":10},"p":{"a":1,"k":[{"i":{"x":0,"y":1},"o":{"x":0.059,"y":0},"n":"0_1_0p059_0","t":18,"s":[401.844,301.789,0],"e":[623.344,53.789,0],"to":[36.9166679382324,-41.3333320617676,0],"ti":[-36.9166679382324,41.3333320617676,0]},{"t":76}],"ix":2},"a":{"a":0,"k":[21.282,22.294,0],"ix":1},"s":{"a":0,"k":[100,100,100],"ix":6}},"ao":0,"shapes":[{"ty":"gr","it":[{"ind":0,"ty":"sh","ix":1,"ks":{"a":0,"k":{"i":[[0,0],[0,0],[0,0],[0,0],[0,0],[0,0],[0,0],[0,0],[0,0],[0,0]],"o":[[0,0],[0,0],[0,0],[0,0],[0,0],[0,0],[0,0],[0,0],[0,0],[0,0]],"v":[[-21.031,-0.155],[-7.293,6.791],[-5.225,22.044],[5.625,11.128],[20.768,13.874],[13.74,0.18],[21.031,-13.376],[5.839,-10.918],[-4.799,-22.044],[-7.165,-6.835]],"c":true},"ix":2},"nm":"Path 1","mn":"ADBE Vector Shape - Group","hd":false},{"ty":"fl","c":{"a":0,"k":[0.894000004787,0.105999995213,0.356999984442,1],"ix":4},"o":{"a":0,"k":100,"ix":5},"r":1,"nm":"Fill 1","mn":"ADBE Vector Graphic - Fill","hd":false},{"ty":"tr","p":{"a":0,"k":[21.281,22.294],"ix":2},"a":{"a":0,"k":[0,0],"ix":1},"s":{"a":0,"k":[100,100],"ix":3},"r":{"a":0,"k":0,"ix":6},"o":{"a":0,"k":100,"ix":7},"sk":{"a":0,"k":0,"ix":4},"sa":{"a":0,"k":0,"ix":5},"nm":"Transform"}],"nm":"Group 1","np":2,"cix":2,"ix":1,"mn":"ADBE Vector Group","hd":false}],"ip":18,"op":1833,"st":13,"bm":0},{"ddd":0,"ind":22,"ty":4,"nm":"Layer 23 Outlines","sr":1,"ks":{"o":{"a":1,"k":[{"i":{"x":[0],"y":[1]},"o":{"x":[0.103],"y":[0]},"n":["0_1_0p103_0"],"t":51,"s":[100],"e":[0]},{"t":75}],"ix":11},"r":{"a":1,"k":[{"i":{"x":[0],"y":[1]},"o":{"x":[0.059],"y":[0]},"n":["0_1_0p059_0"],"t":17,"s":[567],"e":[0]},{"t":75}],"ix":10},"p":{"a":1,"k":[{"i":{"x":0,"y":1},"o":{"x":0.059,"y":0},"n":"0_1_0p059_0","t":17,"s":[403.738,297.652,0],"e":[267.738,113.652,0],"to":[45.1666679382324,-58.5,0],"ti":[191.33332824707,-91.5,0]},{"t":75}],"ix":2},"a":{"a":0,"k":[12.719,12.705,0],"ix":1},"s":{"a":0,"k":[100,100,100],"ix":6}},"ao":0,"shapes":[{"ty":"gr","it":[{"ind":0,"ty":"sh","ix":1,"ks":{"a":0,"k":{"i":[[0,0],[0,0],[0,0],[0,0],[0,0],[0,0],[0,0],[0,0],[0,0],[0,0]],"o":[[0,0],[0,0],[0,0],[0,0],[0,0],[0,0],[0,0],[0,0],[0,0],[0,0]],"v":[[12.469,1.435],[5.262,-3.656],[5.399,-12.455],[-1.636,-7.193],[-10.008,-10.045],[-7.179,-1.717],[-12.469,5.348],[-3.634,5.258],[1.433,12.455],[4.048,4.039]],"c":true},"ix":2},"nm":"Path 1","mn":"ADBE Vector Shape - Group","hd":false},{"ty":"fl","c":{"a":0,"k":[0.788000009574,0.944999964097,0.545000023935,1],"ix":4},"o":{"a":0,"k":100,"ix":5},"r":1,"nm":"Fill 1","mn":"ADBE Vector Graphic - Fill","hd":false},{"ty":"tr","p":{"a":0,"k":[12.719,12.705],"ix":2},"a":{"a":0,"k":[0,0],"ix":1},"s":{"a":0,"k":[100,100],"ix":3},"r":{"a":0,"k":0,"ix":6},"o":{"a":0,"k":100,"ix":7},"sk":{"a":0,"k":0,"ix":4},"sa":{"a":0,"k":0,"ix":5},"nm":"Transform"}],"nm":"Group 1","np":2,"cix":2,"ix":1,"mn":"ADBE Vector Group","hd":false}],"ip":21,"op":1832,"st":12,"bm":0},{"ddd":0,"ind":23,"ty":4,"nm":"Layer 24 Outlines","sr":1,"ks":{"o":{"a":1,"k":[{"i":{"x":[0],"y":[1]},"o":{"x":[0.103],"y":[0]},"n":["0_1_0p103_0"],"t":42,"s":[100],"e":[0]},{"t":66}],"ix":11},"r":{"a":1,"k":[{"i":{"x":[0],"y":[1]},"o":{"x":[0.059],"y":[0]},"n":["0_1_0p059_0"],"t":8,"s":[727],"e":[0]},{"t":66}],"ix":10},"p":{"a":1,"k":[{"i":{"x":0,"y":1},"o":{"x":0.059,"y":0},"n":"0_1_0p059_0","t":8,"s":[374.468,330.942,0],"e":[588.468,47.442,0],"to":[67.3333358764648,-40.0833320617676,0],"ti":[-64.3333358764648,25.0833339691162,0]},{"t":66}],"ix":2},"a":{"a":0,"k":[10.892,12.368,0],"ix":1},"s":{"a":0,"k":[100,100,100],"ix":6}},"ao":0,"shapes":[{"ty":"gr","it":[{"ind":0,"ty":"sh","ix":1,"ks":{"a":0,"k":{"i":[[-0.201,-12.917],[0,0],[13.842,7.086],[0,0]],"o":[[0,0],[0,0],[0,0],[0,0]],"v":[[10.642,10.474],[5.676,12.117],[-10.642,-6.681],[-1.07,-12.117]],"c":true},"ix":2},"nm":"Path 1","mn":"ADBE Vector Shape - Group","hd":false},{"ty":"gr","it":[{"ty":"tr","p":{"a":0,"k":[0,0],"ix":2},"a":{"a":0,"k":[0,0],"ix":1},"s":{"a":0,"k":[100,100],"ix":3},"r":{"a":0,"k":0,"ix":6},"o":{"a":0,"k":100,"ix":7},"sk":{"a":0,"k":0,"ix":4},"sa":{"a":0,"k":0,"ix":5},"nm":"Transform"}],"nm":"Group 1","np":0,"cix":2,"ix":2,"mn":"ADBE Vector Group","hd":false},{"ty":"mm","mm":4,"nm":"Merge Paths 1","mn":"ADBE Vector Filter - Merge","hd":false},{"ty":"fl","c":{"a":0,"k":[0.995999983245,0.651000019148,0.250999989229,1],"ix":4},"o":{"a":0,"k":100,"ix":5},"r":1,"nm":"Fill 1","mn":"ADBE Vector Graphic - Fill","hd":false},{"ty":"tr","p":{"a":0,"k":[10.892,12.367],"ix":2},"a":{"a":0,"k":[0,0],"ix":1},"s":{"a":0,"k":[100,100],"ix":3},"r":{"a":0,"k":0,"ix":6},"o":{"a":0,"k":100,"ix":7},"sk":{"a":0,"k":0,"ix":4},"sa":{"a":0,"k":0,"ix":5},"nm":"Transform"}],"nm":"Group 1","np":4,"cix":2,"ix":1,"mn":"ADBE Vector Group","hd":false}],"ip":16,"op":1823,"st":3,"bm":0},{"ddd":0,"ind":24,"ty":4,"nm":"Layer 25 Outlines","sr":1,"ks":{"o":{"a":1,"k":[{"i":{"x":[0],"y":[1]},"o":{"x":[0.333],"y":[0]},"n":["0_1_0p333_0"],"t":52,"s":[100],"e":[0]},{"t":72}],"ix":11},"r":{"a":1,"k":[{"i":{"x":[0],"y":[1]},"o":{"x":[0.059],"y":[0]},"n":["0_1_0p059_0"],"t":18,"s":[-387],"e":[0]},{"t":72}],"ix":10},"p":{"a":1,"k":[{"i":{"x":0,"y":1},"o":{"x":0.059,"y":0},"n":"0_1_0p059_0","t":18,"s":[425.531,294.447,0],"e":[668.531,36.947,0],"to":[40.5,-42.9166679382324,0],"ti":[-40.5,42.9166679382324,0]},{"t":72}],"ix":2},"a":{"a":0,"k":[11.527,16.907,0],"ix":1},"s":{"a":0,"k":[100,100,100],"ix":6}},"ao":0,"shapes":[{"ty":"gr","it":[{"ind":0,"ty":"sh","ix":1,"ks":{"a":0,"k":{"i":[[-4.347,-1.854],[-0.426,-8.191],[3.844,-0.081],[0.273,12.813]],"o":[[0,0],[0,0],[0,0],[0,0]],"v":[[11.278,-14.792],[7.177,9.392],[-11.278,16.657],[2.521,-16.657]],"c":true},"ix":2},"nm":"Path 1","mn":"ADBE Vector Shape - Group","hd":false},{"ty":"gr","it":[{"ty":"tr","p":{"a":0,"k":[0,0],"ix":2},"a":{"a":0,"k":[0,0],"ix":1},"s":{"a":0,"k":[100,100],"ix":3},"r":{"a":0,"k":0,"ix":6},"o":{"a":0,"k":100,"ix":7},"sk":{"a":0,"k":0,"ix":4},"sa":{"a":0,"k":0,"ix":5},"nm":"Transform"}],"nm":"Group 1","np":0,"cix":2,"ix":2,"mn":"ADBE Vector Group","hd":false},{"ty":"mm","mm":4,"nm":"Merge Paths 1","mn":"ADBE Vector Filter - Merge","hd":false},{"ty":"fl","c":{"a":0,"k":[0.957000014361,0.176000004189,0.525,1],"ix":4},"o":{"a":0,"k":100,"ix":5},"r":1,"nm":"Fill 1","mn":"ADBE Vector Graphic - Fill","hd":false},{"ty":"tr","p":{"a":0,"k":[11.527,16.907],"ix":2},"a":{"a":0,"k":[0,0],"ix":1},"s":{"a":0,"k":[100,100],"ix":3},"r":{"a":0,"k":0,"ix":6},"o":{"a":0,"k":100,"ix":7},"sk":{"a":0,"k":0,"ix":4},"sa":{"a":0,"k":0,"ix":5},"nm":"Transform"}],"nm":"Group 1","np":4,"cix":2,"ix":1,"mn":"ADBE Vector Group","hd":false}],"ip":18,"op":1833,"st":13,"bm":0},{"ddd":0,"ind":25,"ty":4,"nm":"Layer 26 Outlines","sr":1,"ks":{"o":{"a":1,"k":[{"i":{"x":[0],"y":[1]},"o":{"x":[0.333],"y":[0]},"n":["0_1_0p333_0"],"t":58,"s":[100],"e":[0]},{"t":78}],"ix":11},"r":{"a":1,"k":[{"i":{"x":[0],"y":[1]},"o":{"x":[0.215],"y":[0]},"n":["0_1_0p215_0"],"t":24,"s":[-533],"e":[0]},{"t":78}],"ix":10},"p":{"a":1,"k":[{"i":{"x":0,"y":1},"o":{"x":0.215,"y":0},"n":"0_1_0p215_0","t":24,"s":[381.65,327.341,0],"e":[395.65,25.341,0],"to":[45.4166679382324,-95.75,0],"ti":[27.5833339691162,62.75,0]},{"t":78}],"ix":2},"a":{"a":0,"k":[11.58,13.777,0],"ix":1},"s":{"a":0,"k":[100,100,100],"ix":6}},"ao":0,"shapes":[{"ty":"gr","it":[{"ind":0,"ty":"sh","ix":1,"ks":{"a":0,"k":{"i":[[2.208,-12.386],[0,0],[18.328,7.493],[0,0]],"o":[[0,0],[0,0],[0,0],[0,0]],"v":[[3.955,13.526],[11.33,11.336],[-8.184,-13.526],[-11.33,-9.09]],"c":true},"ix":2},"nm":"Path 1","mn":"ADBE Vector Shape - Group","hd":false},{"ty":"gr","it":[{"ty":"tr","p":{"a":0,"k":[0,0],"ix":2},"a":{"a":0,"k":[0,0],"ix":1},"s":{"a":0,"k":[100,100],"ix":3},"r":{"a":0,"k":0,"ix":6},"o":{"a":0,"k":100,"ix":7},"sk":{"a":0,"k":0,"ix":4},"sa":{"a":0,"k":0,"ix":5},"nm":"Transform"}],"nm":"Group 1","np":0,"cix":2,"ix":2,"mn":"ADBE Vector Group","hd":false},{"ty":"mm","mm":4,"nm":"Merge Paths 1","mn":"ADBE Vector Filter - Merge","hd":false},{"ty":"fl","c":{"a":0,"k":[0.505999995213,0.004000000393,0.493999974868,1],"ix":4},"o":{"a":0,"k":100,"ix":5},"r":1,"nm":"Fill 1","mn":"ADBE Vector Graphic - Fill","hd":false},{"ty":"tr","p":{"a":0,"k":[11.58,13.777],"ix":2},"a":{"a":0,"k":[0,0],"ix":1},"s":{"a":0,"k":[100,100],"ix":3},"r":{"a":0,"k":0,"ix":6},"o":{"a":0,"k":100,"ix":7},"sk":{"a":0,"k":0,"ix":4},"sa":{"a":0,"k":0,"ix":5},"nm":"Transform"}],"nm":"Group 1","np":4,"cix":2,"ix":1,"mn":"ADBE Vector Group","hd":false}],"ip":24,"op":1839,"st":19,"bm":0},{"ddd":0,"ind":26,"ty":4,"nm":"Layer 27 Outlines","sr":1,"ks":{"o":{"a":1,"k":[{"i":{"x":[0],"y":[1]},"o":{"x":[0.333],"y":[0]},"n":["0_1_0p333_0"],"t":51,"s":[100],"e":[0]},{"t":71}],"ix":11},"r":{"a":1,"k":[{"i":{"x":[0],"y":[1]},"o":{"x":[0.059],"y":[0]},"n":["0_1_0p059_0"],"t":17,"s":[-552],"e":[0]},{"t":71}],"ix":10},"p":{"a":1,"k":[{"i":{"x":0,"y":1},"o":{"x":0.059,"y":0},"n":"0_1_0p059_0","t":17,"s":[382.435,330.45,0],"e":[663.435,79.45,0],"to":[59.6666679382324,-77.4166641235352,0],"ti":[-68.6666641235352,26.4166660308838,0]},{"t":71}],"ix":2},"a":{"a":0,"k":[10.59,14.772,0],"ix":1},"s":{"a":0,"k":[100,100,100],"ix":6}},"ao":0,"shapes":[{"ty":"gr","it":[{"ind":0,"ty":"sh","ix":1,"ks":{"a":0,"k":{"i":[[12.611,-4.833],[0,0],[2.863,16.246],[0,0]],"o":[[0,0],[0,0],[0,0],[0,0]],"v":[[-10.339,6.407],[-3.859,14.522],[7.477,-9.202],[-0.38,-14.522]],"c":true},"ix":2},"nm":"Path 1","mn":"ADBE Vector Shape - Group","hd":false},{"ty":"gr","it":[{"ty":"tr","p":{"a":0,"k":[0,0],"ix":2},"a":{"a":0,"k":[0,0],"ix":1},"s":{"a":0,"k":[100,100],"ix":3},"r":{"a":0,"k":0,"ix":6},"o":{"a":0,"k":100,"ix":7},"sk":{"a":0,"k":0,"ix":4},"sa":{"a":0,"k":0,"ix":5},"nm":"Transform"}],"nm":"Group 1","np":0,"cix":2,"ix":2,"mn":"ADBE Vector Group","hd":false},{"ty":"mm","mm":4,"nm":"Merge Paths 1","mn":"ADBE Vector Filter - Merge","hd":false},{"ty":"fl","c":{"a":0,"k":[0.957000014361,0.176000004189,0.525,1],"ix":4},"o":{"a":0,"k":100,"ix":5},"r":1,"nm":"Fill 1","mn":"ADBE Vector Graphic - Fill","hd":false},{"ty":"tr","p":{"a":0,"k":[10.589,14.772],"ix":2},"a":{"a":0,"k":[0,0],"ix":1},"s":{"a":0,"k":[100,100],"ix":3},"r":{"a":0,"k":0,"ix":6},"o":{"a":0,"k":100,"ix":7},"sk":{"a":0,"k":0,"ix":4},"sa":{"a":0,"k":0,"ix":5},"nm":"Transform"}],"nm":"Group 1","np":4,"cix":2,"ix":1,"mn":"ADBE Vector Group","hd":false}],"ip":17,"op":1832,"st":12,"bm":0},{"ddd":0,"ind":27,"ty":4,"nm":"Layer 28 Outlines","sr":1,"ks":{"o":{"a":1,"k":[{"i":{"x":[0],"y":[1]},"o":{"x":[0.103],"y":[0]},"n":["0_1_0p103_0"],"t":39,"s":[100],"e":[0]},{"t":57}],"ix":11},"r":{"a":1,"k":[{"i":{"x":[0],"y":[1]},"o":{"x":[0.059],"y":[0]},"n":["0_1_0p059_0"],"t":5,"s":[-582],"e":[0]},{"t":57}],"ix":10},"p":{"a":1,"k":[{"i":{"x":0,"y":1},"o":{"x":0.059,"y":0},"n":"0_1_0p059_0","t":5,"s":[393.743,317.916,0],"e":[727.743,202.916,0],"to":[52,-73.5,0],"ti":[-108,-40.5,0]},{"t":57}],"ix":2},"a":{"a":0,"k":[30.643,15.914,0],"ix":1},"s":{"a":0,"k":[100,100,100],"ix":6}},"ao":0,"shapes":[{"ty":"gr","it":[{"ind":0,"ty":"sh","ix":1,"ks":{"a":0,"k":{"i":[[0,0],[-0.195,0.052],[-3.471,3.645],[-1.11,1.362],[5.07,-3.433]],"o":[[3.01,-0.575],[2.864,4.518],[1.101,-1.154],[-2.719,5.43],[-8.495,-0.47]],"v":[[-13.215,-2.312],[-6.1,-7.327],[10.109,-2.499],[13.215,-6.305],[1.858,7.327]],"c":true},"ix":2},"nm":"Path 1","mn":"ADBE Vector Shape - Group","hd":false},{"ty":"gr","it":[{"ty":"tr","p":{"a":0,"k":[0,0],"ix":2},"a":{"a":0,"k":[0,0],"ix":1},"s":{"a":0,"k":[100,100],"ix":3},"r":{"a":0,"k":0,"ix":6},"o":{"a":0,"k":100,"ix":7},"sk":{"a":0,"k":0,"ix":4},"sa":{"a":0,"k":0,"ix":5},"nm":"Transform"}],"nm":"Group 1","np":0,"cix":2,"ix":2,"mn":"ADBE Vector Group","hd":false},{"ty":"mm","mm":4,"nm":"Merge Paths 1","mn":"ADBE Vector Filter - Merge","hd":false},{"ty":"fl","c":{"a":0,"k":[0.426999978458,0.626999978458,0.081999999402,1],"ix":4},"o":{"a":0,"k":100,"ix":5},"r":1,"nm":"Fill 1","mn":"ADBE Vector Graphic - Fill","hd":false},{"ty":"tr","p":{"a":0,"k":[13.465,20.053],"ix":2},"a":{"a":0,"k":[0,0],"ix":1},"s":{"a":0,"k":[100,100],"ix":3},"r":{"a":0,"k":0,"ix":6},"o":{"a":0,"k":100,"ix":7},"sk":{"a":0,"k":0,"ix":4},"sa":{"a":0,"k":0,"ix":5},"nm":"Transform"}],"nm":"Group 1","np":4,"cix":2,"ix":1,"mn":"ADBE Vector Group","hd":false},{"ty":"gr","it":[{"ind":0,"ty":"sh","ix":1,"ks":{"a":0,"k":{"i":[[3.01,-0.575],[-11.212,5.452],[-3.024,3.738],[-4.686,-18.782],[-4.14,1.077],[12.559,-4.329],[3.473,-3.642],[2.864,4.518]],"o":[[0,0],[0,0],[3.025,-3.736],[0.153,0.591],[-0.344,0.298],[-12.561,4.329],[-3.471,3.645],[-0.195,0.052]],"v":[[-30.393,1.826],[-9.254,10.212],[-1.307,4.35],[22.405,8.066],[30.393,1.561],[10.397,-11.335],[-7.068,1.639],[-23.278,-3.189]],"c":true},"ix":2},"nm":"Path 1","mn":"ADBE Vector Shape - Group","hd":false},{"ty":"gr","it":[{"ty":"tr","p":{"a":0,"k":[0,0],"ix":2},"a":{"a":0,"k":[0,0],"ix":1},"s":{"a":0,"k":[100,100],"ix":3},"r":{"a":0,"k":0,"ix":6},"o":{"a":0,"k":100,"ix":7},"sk":{"a":0,"k":0,"ix":4},"sa":{"a":0,"k":0,"ix":5},"nm":"Transform"}],"nm":"Group 1","np":0,"cix":2,"ix":2,"mn":"ADBE Vector Group","hd":false},{"ty":"mm","mm":4,"nm":"Merge Paths 1","mn":"ADBE Vector Filter - Merge","hd":false},{"ty":"fl","c":{"a":0,"k":[0.497999991623,0.764999988032,0.109999997008,1],"ix":4},"o":{"a":0,"k":100,"ix":5},"r":1,"nm":"Fill 1","mn":"ADBE Vector Graphic - Fill","hd":false},{"ty":"tr","p":{"a":0,"k":[30.643,15.915],"ix":2},"a":{"a":0,"k":[0,0],"ix":1},"s":{"a":0,"k":[100,100],"ix":3},"r":{"a":0,"k":0,"ix":6},"o":{"a":0,"k":100,"ix":7},"sk":{"a":0,"k":0,"ix":4},"sa":{"a":0,"k":0,"ix":5},"nm":"Transform"}],"nm":"Group 2","np":4,"cix":2,"ix":2,"mn":"ADBE Vector Group","hd":false}],"ip":13,"op":1820,"st":0,"bm":0},{"ddd":0,"ind":28,"ty":4,"nm":"Layer 29 Outlines","sr":1,"ks":{"o":{"a":1,"k":[{"i":{"x":[0],"y":[1]},"o":{"x":[0.333],"y":[0]},"n":["0_1_0p333_0"],"t":52,"s":[100],"e":[0]},{"t":70}],"ix":11},"r":{"a":1,"k":[{"i":{"x":[0],"y":[1]},"o":{"x":[0.215],"y":[0]},"n":["0_1_0p215_0"],"t":18,"s":[-134],"e":[0]},{"t":70}],"ix":10},"p":{"a":1,"k":[{"i":{"x":0,"y":1},"o":{"x":0.215,"y":0},"n":"0_1_0p215_0","t":18,"s":[375.145,328.757,0],"e":[450.145,30.757,0],"to":[12.5,-49.6666679382324,0],"ti":[-12.5,49.6666679382324,0]},{"t":70}],"ix":2},"a":{"a":0,"k":[9.732,15.654,0],"ix":1},"s":{"a":0,"k":[100,100,100],"ix":6}},"ao":0,"shapes":[{"ty":"gr","it":[{"ind":0,"ty":"sh","ix":1,"ks":{"a":0,"k":{"i":[[-3.222,0.522],[0.141,2.888],[0,0],[0,0]],"o":[[0,0],[-0.144,-2.878],[0,0],[0,0]],"v":[[9.483,14.057],[6.725,-12.526],[-9.483,-11.725],[-3.091,15.404]],"c":true},"ix":2},"nm":"Path 1","mn":"ADBE Vector Shape - Group","hd":false},{"ty":"gr","it":[{"ty":"tr","p":{"a":0,"k":[0,0],"ix":2},"a":{"a":0,"k":[0,0],"ix":1},"s":{"a":0,"k":[100,100],"ix":3},"r":{"a":0,"k":0,"ix":6},"o":{"a":0,"k":100,"ix":7},"sk":{"a":0,"k":0,"ix":4},"sa":{"a":0,"k":0,"ix":5},"nm":"Transform"}],"nm":"Group 1","np":0,"cix":2,"ix":2,"mn":"ADBE Vector Group","hd":false},{"ty":"mm","mm":4,"nm":"Merge Paths 1","mn":"ADBE Vector Filter - Merge","hd":false},{"ty":"fl","c":{"a":0,"k":[0.416000007181,0.776000019148,0.823999980852,1],"ix":4},"o":{"a":0,"k":100,"ix":5},"r":1,"nm":"Fill 1","mn":"ADBE Vector Graphic - Fill","hd":false},{"ty":"tr","p":{"a":0,"k":[9.732,15.654],"ix":2},"a":{"a":0,"k":[0,0],"ix":1},"s":{"a":0,"k":[100,100],"ix":3},"r":{"a":0,"k":0,"ix":6},"o":{"a":0,"k":100,"ix":7},"sk":{"a":0,"k":0,"ix":4},"sa":{"a":0,"k":0,"ix":5},"nm":"Transform"}],"nm":"Group 1","np":4,"cix":2,"ix":1,"mn":"ADBE Vector Group","hd":false}],"ip":18,"op":1833,"st":13,"bm":0},{"ddd":0,"ind":29,"ty":4,"nm":"Layer 14 Outlines","parent":11,"sr":1,"ks":{"o":{"a":0,"k":100,"ix":11},"r":{"a":0,"k":0,"ix":10},"p":{"a":0,"k":[111.404,53.476,0],"ix":2},"a":{"a":0,"k":[75.129,54.559,0],"ix":1},"s":{"a":0,"k":[100,100,100],"ix":6}},"ao":0,"shapes":[{"ty":"gr","it":[{"ty":"gr","it":[{"ind":0,"ty":"sh","ix":1,"ks":{"a":0,"k":{"i":[[0.528,-0.735],[-39.047,-28.09],[-4.181,5.811],[39.047,28.089],[10.093,0.002]],"o":[[-4.181,5.81],[39.044,28.089],[4.18,-5.811],[-34.109,-24.539],[-1.46,0]],"v":[[-70.698,-53.221],[-12.179,14.589],[70.699,48.498],[7.568,-12.883],[-67.69,-54.309]],"c":true},"ix":2},"nm":"Path 2","mn":"ADBE Vector Shape - Group","hd":false},{"ty":"tr","p":{"a":0,"k":[0,0],"ix":2},"a":{"a":0,"k":[0,0],"ix":1},"s":{"a":0,"k":[100,100],"ix":3},"r":{"a":0,"k":0,"ix":6},"o":{"a":0,"k":100,"ix":7},"sk":{"a":0,"k":0,"ix":4},"sa":{"a":0,"k":0,"ix":5},"nm":"Transform"}],"nm":"Group 1","np":1,"cix":2,"ix":1,"mn":"ADBE Vector Group","hd":false},{"ty":"mm","mm":4,"nm":"Merge Paths 1","mn":"ADBE Vector Filter - Merge","hd":false},{"ty":"gf","o":{"a":0,"k":100,"ix":10},"r":1,"g":{"p":3,"k":{"a":0,"k":[0,0.98,0.902,0.451,0.5,0.922,0.812,0.304,1,0.863,0.722,0.157],"ix":9}},"s":{"a":0,"k":[-62.5,-43.5],"ix":5},"e":{"a":0,"k":[67.5,47.5],"ix":6},"t":1,"nm":"Gradient Fill 1","mn":"ADBE Vector Graphic - G-Fill","hd":false},{"ty":"tr","p":{"a":0,"k":[75.129,54.559],"ix":2},"a":{"a":0,"k":[0,0],"ix":1},"s":{"a":0,"k":[100,100],"ix":3},"r":{"a":0,"k":0,"ix":6},"o":{"a":0,"k":100,"ix":7},"sk":{"a":0,"k":0,"ix":4},"sa":{"a":0,"k":0,"ix":5},"nm":"Transform"}],"nm":"Group 1","np":4,"cix":2,"ix":1,"mn":"ADBE Vector Group","hd":false}],"ip":0,"op":1820,"st":0,"bm":0}],"markers":[{"tm":5,"cm":"1","dr":0}]}