{"v":"5.7.1","fr":30,"ip":0,"op":45,"w":50,"h":30,"nm":"Group (2)","ddd":0,"assets":[],"layers":[{"ddd":0,"ind":1,"ty":4,"nm":"Layer 2 Outlines","sr":1,"ks":{"o":{"a":0,"k":87,"ix":11},"r":{"a":0,"k":0,"ix":10},"p":{"a":1,"k":[{"i":{"x":0.259,"y":1},"o":{"x":0.333,"y":0},"t":0,"s":[21,15,0],"to":[1.333,0,0],"ti":[0,0,0]},{"i":{"x":0.255,"y":1},"o":{"x":0.333,"y":0},"t":11.25,"s":[29,15,0],"to":[0,0,0],"ti":[1.333,0,0]},{"t":45,"s":[21,15,0]}],"ix":2},"a":{"a":0,"k":[10.095,6.93,0],"ix":1},"s":{"a":0,"k":[200.023,200.023,100],"ix":6}},"ao":0,"shapes":[{"ty":"gr","it":[{"ind":0,"ty":"sh","ix":1,"ks":{"a":0,"k":{"i":[[0.39,-0.39],[0,0],[-0.391,-0.39],[0,0],[0,0],[0,-0.55],[-0.549,0],[0,0],[0,0],[-0.39,-0.39],[-0.391,0.39],[0,0],[0.389,0.39],[0,0]],"o":[[0,0],[-0.391,0.39],[0,0],[0,0],[-0.549,0],[0,0.55],[0,0],[0,0],[-0.39,0.39],[0.389,0.39],[0,0],[0.389,-0.39],[0,0],[-0.38,-0.39]],"v":[[2.446,-6.29],[2.446,-6.29],[2.446,-4.88],[6.326,-1],[-8.845,-1],[-9.845,0],[-8.845,1],[6.336,1],[2.456,4.88],[2.456,6.29],[3.866,6.29],[9.456,0.7],[9.456,-0.71],[3.855,-6.29]],"c":true},"ix":2},"nm":"Path 1","mn":"ADBE Vector Shape - Group","hd":false},{"ty":"fl","c":{"a":0,"k":[1,1,1,1],"ix":4},"o":{"a":0,"k":100,"ix":5},"r":1,"bm":0,"nm":"Fill 1","mn":"ADBE Vector Graphic - Fill","hd":false},{"ty":"tr","p":{"a":0,"k":[10.095,6.93],"ix":2},"a":{"a":0,"k":[0,0],"ix":1},"s":{"a":0,"k":[100,100],"ix":3},"r":{"a":0,"k":0,"ix":6},"o":{"a":0,"k":100,"ix":7},"sk":{"a":0,"k":0,"ix":4},"sa":{"a":0,"k":0,"ix":5},"nm":"Transform"}],"nm":"Group 1","np":2,"cix":2,"bm":0,"ix":1,"mn":"ADBE Vector Group","hd":false}],"ip":0,"op":300,"st":0,"bm":0},{"ddd":0,"ind":2,"ty":4,"nm":"Shape Layer 1","sr":1,"ks":{"o":{"a":0,"k":100,"ix":11},"r":{"a":0,"k":0,"ix":10},"p":{"a":0,"k":[25,15,0],"ix":2},"a":{"a":0,"k":[0,0,0],"ix":1},"s":{"a":0,"k":[100,100,100],"ix":6}},"ao":0,"shapes":[{"ty":"gr","it":[{"ty":"rc","d":1,"s":{"a":0,"k":[50.171,30.261],"ix":2},"p":{"a":0,"k":[0,0],"ix":3},"r":{"a":0,"k":0,"ix":4},"nm":"Rectangle Path 1","mn":"ADBE Vector Shape - Rect","hd":false},{"ty":"fl","c":{"a":0,"k":[0.141176470588,0.650980392157,0.396078431373,1],"ix":4},"o":{"a":0,"k":100,"ix":5},"r":1,"bm":0,"nm":"Fill 1","mn":"ADBE Vector Graphic - Fill","hd":false},{"ty":"tr","p":{"a":0,"k":[0.085,0.13],"ix":2},"a":{"a":0,"k":[0,0],"ix":1},"s":{"a":0,"k":[100,100],"ix":3},"r":{"a":0,"k":0,"ix":6},"o":{"a":0,"k":100,"ix":7},"sk":{"a":0,"k":0,"ix":4},"sa":{"a":0,"k":0,"ix":5},"nm":"Transform"}],"nm":"Rectangle 1","np":3,"cix":2,"bm":0,"ix":1,"mn":"ADBE Vector Group","hd":false}],"ip":0,"op":300,"st":0,"bm":0}],"markers":[]}