{
  "v": "5.5.8",
  "fr": 24,
  "ip": 0,
  "op": 48,
  "w": 36,
  "h": 36,
  "nm": "swipe",
  "ddd": 0,
  "assets": [],
  "layers": [
    {
      "ddd": 0,
      "ind": 1,
      "ty": 4,
      "nm": "dot3 Outlines",
      "sr": 1,
      "ks": {
        "o": {
          "a": 1,
          "k": [
            {
              "i": {
                "x": [
                  0.667
                ],
                "y": [
                  1
                ]
              },
              "o": {
                "x": [
                  0.333
                ],
                "y": [
                  0
                ]
              },
              "t": 19,
              "s": [
                0
              ]
            },
            {
              "i": {
                "x": [
                  0.833
                ],
                "y": [
                  1
                ]
              },
              "o": {
                "x": [
                  0.333
                ],
                "y": [
                  0
                ]
              },
              "t": 23,
              "s": [
                100
              ]
            },
            {
              "i": {
                "x": [
                  0.833
                ],
                "y": [
                  1
                ]
              },
              "o": {
                "x": [
                  0.167
                ],
                "y": [
                  0
                ]
              },
              "t": 40,
              "s": [
                96
              ]
            },
            {
              "t": 44,
              "s": [
                0
              ]
            }
          ],
          "ix": 11
        },
        "r": {
          "a": 0,
          "k": 0,
          "ix": 10
        },
        "p": {
          "a": 0,
          "k": [
            28,
            3.001,
            0
          ],
          "ix": 2
        },
        "a": {
          "a": 0,
          "k": [
            3,
            3.001,
            0
          ],
          "ix": 1
        },
        "s": {
          "a": 0,
          "k": [
            100,
            100,
            100
          ],
          "ix": 6
        }
      },
      "ao": 0,
      "shapes": [
        {
          "ty": "gr",
          "it": [
            {
              "ind": 0,
              "ty": "sh",
              "ix": 1,
              "ks": {
                "a": 0,
                "k": {
                  "i": [
                    [
                      0.212,
                      0.242
                    ],
                    [
                      0,
                      0
                    ],
                    [
                      0.196,
                      -0.204
                    ],
                    [
                      0.014,
                      -0.019
                    ],
                    [
                      -0.175,
                      -0.231
                    ],
                    [
                      0,
                      0
                    ],
                    [
                      0,
                      0
                    ],
                    [
                      0,
                      0
                    ],
                    [
                      0,
                      -0.331
                    ],
                    [
                      -0.302,
                      0
                    ],
                    [
                      0,
                      0
                    ],
                    [
                      0,
                      0
                    ],
                    [
                      0,
                      0
                    ],
                    [
                      -0.195,
                      -0.257
                    ],
                    [
                      -0.229,
                      0.167
                    ],
                    [
                      -0.032,
                      0.044
                    ],
                    [
                      0,
                      0
                    ]
                  ],
                  "o": [
                    [
                      0,
                      0
                    ],
                    [
                      -0.204,
                      -0.197
                    ],
                    [
                      -0.016,
                      0.017
                    ],
                    [
                      -0.175,
                      0.23
                    ],
                    [
                      0,
                      0
                    ],
                    [
                      0,
                      0
                    ],
                    [
                      0,
                      0
                    ],
                    [
                      -0.302,
                      0
                    ],
                    [
                      0,
                      0.332
                    ],
                    [
                      0,
                      0
                    ],
                    [
                      0,
                      0
                    ],
                    [
                      0,
                      0
                    ],
                    [
                      -0.23,
                      0.227
                    ],
                    [
                      0.166,
                      0.229
                    ],
                    [
                      0.043,
                      -0.031
                    ],
                    [
                      0,
                      0
                    ],
                    [
                      0.212,
                      -0.242
                    ]
                  ],
                  "v": [
                    [
                      2.841,
                      -0.457
                    ],
                    [
                      0.658,
                      -2.857
                    ],
                    [
                      -0.067,
                      -2.844
                    ],
                    [
                      -0.112,
                      -2.791
                    ],
                    [
                      -0.112,
                      -2.011
                    ],
                    [
                      0.773,
                      -1.039
                    ],
                    [
                      1.416,
                      -0.631
                    ],
                    [
                      -2.454,
                      -0.631
                    ],
                    [
                      -3,
                      -0.031
                    ],
                    [
                      -2.454,
                      0.569
                    ],
                    [
                      1.416,
                      0.569
                    ],
                    [
                      0.821,
                      0.917
                    ],
                    [
                      -0.112,
                      1.943
                    ],
                    [
                      -0.172,
                      2.789
                    ],
                    [
                      0.545,
                      2.902
                    ],
                    [
                      0.658,
                      2.789
                    ],
                    [
                      2.841,
                      0.389
                    ]
                  ],
                  "c": true
                },
                "ix": 2
              },
              "nm": "Path 1",
              "mn": "ADBE Vector Shape - Group",
              "hd": false
            },
            {
              "ty": "fl",
              "c": {
                "a": 0,
                "k": [
                  0.729411764706,
                  0.576470588235,
                  0.109803921569,
                  1
                ],
                "ix": 4
              },
              "o": {
                "a": 0,
                "k": 100,
                "ix": 5
              },
              "r": 1,
              "bm": 0,
              "nm": "Fill 1",
              "mn": "ADBE Vector Graphic - Fill",
              "hd": false
            },
            {
              "ty": "tr",
              "p": {
                "a": 0,
                "k": [
                  3,
                  3.001
                ],
                "ix": 2
              },
              "a": {
                "a": 0,
                "k": [
                  0,
                  0
                ],
                "ix": 1
              },
              "s": {
                "a": 0,
                "k": [
                  100,
                  100
                ],
                "ix": 3
              },
              "r": {
                "a": 0,
                "k": 0,
                "ix": 6
              },
              "o": {
                "a": 0,
                "k": 100,
                "ix": 7
              },
              "sk": {
                "a": 0,
                "k": 0,
                "ix": 4
              },
              "sa": {
                "a": 0,
                "k": 0,
                "ix": 5
              },
              "nm": "Transform"
            }
          ],
          "nm": "Group 1",
          "np": 4,
          "cix": 2,
          "bm": 0,
          "ix": 1,
          "mn": "ADBE Vector Group",
          "hd": false
        }
      ],
      "ip": 15,
      "op": 735,
      "st": 15,
      "bm": 0
    },
    {
      "ddd": 0,
      "ind": 2,
      "ty": 4,
      "nm": "dot4 Outlines",
      "sr": 1,
      "ks": {
        "o": {
          "a": 1,
          "k": [
            {
              "i": {
                "x": [
                  0.667
                ],
                "y": [
                  1
                ]
              },
              "o": {
                "x": [
                  0.333
                ],
                "y": [
                  0
                ]
              },
              "t": 18,
              "s": [
                0
              ]
            },
            {
              "i": {
                "x": [
                  0.833
                ],
                "y": [
                  1
                ]
              },
              "o": {
                "x": [
                  0.333
                ],
                "y": [
                  0
                ]
              },
              "t": 22,
              "s": [
                100
              ]
            },
            {
              "i": {
                "x": [
                  0.833
                ],
                "y": [
                  1
                ]
              },
              "o": {
                "x": [
                  0.167
                ],
                "y": [
                  0
                ]
              },
              "t": 40,
              "s": [
                96
              ]
            },
            {
              "t": 44,
              "s": [
                0
              ]
            }
          ],
          "ix": 11
        },
        "r": {
          "a": 0,
          "k": 0,
          "ix": 10
        },
        "p": {
          "a": 0,
          "k": [
            19.5,
            2.875,
            0
          ],
          "ix": 2
        },
        "a": {
          "a": 0,
          "k": [
            2,
            0.5,
            0
          ],
          "ix": 1
        },
        "s": {
          "a": 0,
          "k": [
            100,
            100,
            100
          ],
          "ix": 6
        }
      },
      "ao": 0,
      "shapes": [
        {
          "ty": "gr",
          "it": [
            {
              "ind": 0,
              "ty": "sh",
              "ix": 1,
              "ks": {
                "a": 0,
                "k": {
                  "i": [
                    [
                      0.315,
                      0
                    ],
                    [
                      0,
                      0
                    ],
                    [
                      0,
                      -0.276
                    ],
                    [
                      -0.315,
                      0
                    ],
                    [
                      0,
                      0
                    ],
                    [
                      0,
                      0.276
                    ]
                  ],
                  "o": [
                    [
                      0,
                      0
                    ],
                    [
                      -0.314,
                      0
                    ],
                    [
                      0,
                      0.276
                    ],
                    [
                      0,
                      0
                    ],
                    [
                      0.314,
                      0
                    ],
                    [
                      0,
                      -0.276
                    ]
                  ],
                  "v": [
                    [
                      1.429,
                      -0.5
                    ],
                    [
                      -1.43,
                      -0.5
                    ],
                    [
                      -2,
                      0
                    ],
                    [
                      -1.429,
                      0.5
                    ],
                    [
                      1.43,
                      0.5
                    ],
                    [
                      2,
                      0
                    ]
                  ],
                  "c": true
                },
                "ix": 2
              },
              "nm": "Path 1",
              "mn": "ADBE Vector Shape - Group",
              "hd": false
            },
            {
              "ty": "fl",
              "c": {
                "a": 0,
                "k": [
                  0.729411764706,
                  0.576470588235,
                  0.109803921569,
                  1
                ],
                "ix": 4
              },
              "o": {
                "a": 0,
                "k": 100,
                "ix": 5
              },
              "r": 1,
              "bm": 0,
              "nm": "Fill 1",
              "mn": "ADBE Vector Graphic - Fill",
              "hd": false
            },
            {
              "ty": "tr",
              "p": {
                "a": 0,
                "k": [
                  2,
                  0.5
                ],
                "ix": 2
              },
              "a": {
                "a": 0,
                "k": [
                  0,
                  0
                ],
                "ix": 1
              },
              "s": {
                "a": 0,
                "k": [
                  100,
                  100
                ],
                "ix": 3
              },
              "r": {
                "a": 0,
                "k": 0,
                "ix": 6
              },
              "o": {
                "a": 0,
                "k": 100,
                "ix": 7
              },
              "sk": {
                "a": 0,
                "k": 0,
                "ix": 4
              },
              "sa": {
                "a": 0,
                "k": 0,
                "ix": 5
              },
              "nm": "Transform"
            }
          ],
          "nm": "Group 1",
          "np": 4,
          "cix": 2,
          "bm": 0,
          "ix": 1,
          "mn": "ADBE Vector Group",
          "hd": false
        }
      ],
      "ip": 14,
      "op": 734,
      "st": 14,
      "bm": 0
    },
    {
      "ddd": 0,
      "ind": 3,
      "ty": 4,
      "nm": "dot2 Outlines",
      "sr": 1,
      "ks": {
        "o": {
          "a": 1,
          "k": [
            {
              "i": {
                "x": [
                  0.667
                ],
                "y": [
                  1
                ]
              },
              "o": {
                "x": [
                  0.333
                ],
                "y": [
                  0
                ]
              },
              "t": 11,
              "s": [
                0
              ]
            },
            {
              "i": {
                "x": [
                  0.833
                ],
                "y": [
                  1
                ]
              },
              "o": {
                "x": [
                  0.333
                ],
                "y": [
                  0
                ]
              },
              "t": 15,
              "s": [
                100
              ]
            },
            {
              "i": {
                "x": [
                  0.833
                ],
                "y": [
                  1
                ]
              },
              "o": {
                "x": [
                  0.167
                ],
                "y": [
                  0
                ]
              },
              "t": 40,
              "s": [
                96
              ]
            },
            {
              "t": 44,
              "s": [
                0
              ]
            }
          ],
          "ix": 11
        },
        "r": {
          "a": 0,
          "k": 0,
          "ix": 10
        },
        "p": {
          "a": 0,
          "k": [
            11.5,
            2.875,
            0
          ],
          "ix": 2
        },
        "a": {
          "a": 0,
          "k": [
            2,
            0.5,
            0
          ],
          "ix": 1
        },
        "s": {
          "a": 0,
          "k": [
            100,
            100,
            100
          ],
          "ix": 6
        }
      },
      "ao": 0,
      "shapes": [
        {
          "ty": "gr",
          "it": [
            {
              "ind": 0,
              "ty": "sh",
              "ix": 1,
              "ks": {
                "a": 0,
                "k": {
                  "i": [
                    [
                      0.315,
                      0
                    ],
                    [
                      0,
                      0
                    ],
                    [
                      0,
                      -0.276
                    ],
                    [
                      -0.315,
                      0
                    ],
                    [
                      0,
                      0
                    ],
                    [
                      0,
                      0.276
                    ]
                  ],
                  "o": [
                    [
                      0,
                      0
                    ],
                    [
                      -0.314,
                      0
                    ],
                    [
                      0,
                      0.276
                    ],
                    [
                      0,
                      0
                    ],
                    [
                      0.314,
                      0
                    ],
                    [
                      0,
                      -0.276
                    ]
                  ],
                  "v": [
                    [
                      1.429,
                      -0.5
                    ],
                    [
                      -1.43,
                      -0.5
                    ],
                    [
                      -2,
                      0
                    ],
                    [
                      -1.429,
                      0.5
                    ],
                    [
                      1.43,
                      0.5
                    ],
                    [
                      2,
                      0
                    ]
                  ],
                  "c": true
                },
                "ix": 2
              },
              "nm": "Path 1",
              "mn": "ADBE Vector Shape - Group",
              "hd": false
            },
            {
              "ty": "fl",
              "c": {
                "a": 0,
                "k": [
                  0.729411764706,
                  0.576470588235,
                  0.109803921569,
                  1
                ],
                "ix": 4
              },
              "o": {
                "a": 0,
                "k": 100,
                "ix": 5
              },
              "r": 1,
              "bm": 0,
              "nm": "Fill 1",
              "mn": "ADBE Vector Graphic - Fill",
              "hd": false
            },
            {
              "ty": "tr",
              "p": {
                "a": 0,
                "k": [
                  2,
                  0.5
                ],
                "ix": 2
              },
              "a": {
                "a": 0,
                "k": [
                  0,
                  0
                ],
                "ix": 1
              },
              "s": {
                "a": 0,
                "k": [
                  100,
                  100
                ],
                "ix": 3
              },
              "r": {
                "a": 0,
                "k": 0,
                "ix": 6
              },
              "o": {
                "a": 0,
                "k": 100,
                "ix": 7
              },
              "sk": {
                "a": 0,
                "k": 0,
                "ix": 4
              },
              "sa": {
                "a": 0,
                "k": 0,
                "ix": 5
              },
              "nm": "Transform"
            }
          ],
          "nm": "Group 1",
          "np": 4,
          "cix": 2,
          "bm": 0,
          "ix": 1,
          "mn": "ADBE Vector Group",
          "hd": false
        }
      ],
      "ip": 7,
      "op": 727,
      "st": 7,
      "bm": 0
    },
    {
      "ddd": 0,
      "ind": 4,
      "ty": 4,
      "nm": "dot1 Outlines",
      "sr": 1,
      "ks": {
        "o": {
          "a": 1,
          "k": [
            {
              "i": {
                "x": [
                  0.667
                ],
                "y": [
                  1
                ]
              },
              "o": {
                "x": [
                  0.333
                ],
                "y": [
                  0
                ]
              },
              "t": 4,
              "s": [
                0
              ]
            },
            {
              "i": {
                "x": [
                  0.833
                ],
                "y": [
                  1
                ]
              },
              "o": {
                "x": [
                  0.333
                ],
                "y": [
                  0
                ]
              },
              "t": 8,
              "s": [
                100
              ]
            },
            {
              "i": {
                "x": [
                  0.833
                ],
                "y": [
                  1
                ]
              },
              "o": {
                "x": [
                  0.167
                ],
                "y": [
                  0
                ]
              },
              "t": 40,
              "s": [
                96
              ]
            },
            {
              "t": 44,
              "s": [
                0
              ]
            }
          ],
          "ix": 11
        },
        "r": {
          "a": 0,
          "k": 0,
          "ix": 10
        },
        "p": {
          "a": 0,
          "k": [
            6.5,
            2.875,
            0
          ],
          "ix": 2
        },
        "a": {
          "a": 0,
          "k": [
            1,
            0.5,
            0
          ],
          "ix": 1
        },
        "s": {
          "a": 0,
          "k": [
            100,
            100,
            100
          ],
          "ix": 6
        }
      },
      "ao": 0,
      "shapes": [
        {
          "ty": "gr",
          "it": [
            {
              "ind": 0,
              "ty": "sh",
              "ix": 1,
              "ks": {
                "a": 0,
                "k": {
                  "i": [
                    [
                      0.276,
                      0
                    ],
                    [
                      0,
                      0
                    ],
                    [
                      0,
                      -0.276
                    ],
                    [
                      -0.276,
                      0
                    ],
                    [
                      0,
                      0
                    ],
                    [
                      0,
                      0.276
                    ]
                  ],
                  "o": [
                    [
                      0,
                      0
                    ],
                    [
                      -0.276,
                      0
                    ],
                    [
                      0,
                      0.276
                    ],
                    [
                      0,
                      0
                    ],
                    [
                      0.276,
                      0
                    ],
                    [
                      0,
                      -0.276
                    ]
                  ],
                  "v": [
                    [
                      0.5,
                      -0.5
                    ],
                    [
                      -0.5,
                      -0.5
                    ],
                    [
                      -1,
                      0
                    ],
                    [
                      -0.5,
                      0.5
                    ],
                    [
                      0.5,
                      0.5
                    ],
                    [
                      1,
                      0
                    ]
                  ],
                  "c": true
                },
                "ix": 2
              },
              "nm": "Path 1",
              "mn": "ADBE Vector Shape - Group",
              "hd": false
            },
            {
              "ty": "fl",
              "c": {
                "a": 0,
                "k": [
                  0.729411764706,
                  0.576470588235,
                  0.109803921569,
                  1
                ],
                "ix": 4
              },
              "o": {
                "a": 0,
                "k": 100,
                "ix": 5
              },
              "r": 1,
              "bm": 0,
              "nm": "Fill 1",
              "mn": "ADBE Vector Graphic - Fill",
              "hd": false
            },
            {
              "ty": "tr",
              "p": {
                "a": 0,
                "k": [
                  1,
                  0.5
                ],
                "ix": 2
              },
              "a": {
                "a": 0,
                "k": [
                  0,
                  0
                ],
                "ix": 1
              },
              "s": {
                "a": 0,
                "k": [
                  100,
                  100
                ],
                "ix": 3
              },
              "r": {
                "a": 0,
                "k": 0,
                "ix": 6
              },
              "o": {
                "a": 0,
                "k": 100,
                "ix": 7
              },
              "sk": {
                "a": 0,
                "k": 0,
                "ix": 4
              },
              "sa": {
                "a": 0,
                "k": 0,
                "ix": 5
              },
              "nm": "Transform"
            }
          ],
          "nm": "Group 1",
          "np": 4,
          "cix": 2,
          "bm": 0,
          "ix": 1,
          "mn": "ADBE Vector Group",
          "hd": false
        }
      ],
      "ip": 0,
      "op": 720,
      "st": 0,
      "bm": 0
    },
    {
      "ddd": 0,
      "ind": 5,
      "ty": 4,
      "nm": "hand Outlines",
      "sr": 1,
      "ks": {
        "o": {
          "a": 1,
          "k": [
            {
              "i": {
                "x": [
                  0.667
                ],
                "y": [
                  1
                ]
              },
              "o": {
                "x": [
                  0.333
                ],
                "y": [
                  0
                ]
              },
              "t": 0,
              "s": [
                0
              ]
            },
            {
              "i": {
                "x": [
                  0.667
                ],
                "y": [
                  1
                ]
              },
              "o": {
                "x": [
                  0.333
                ],
                "y": [
                  0
                ]
              },
              "t": 4,
              "s": [
                100
              ]
            },
            {
              "i": {
                "x": [
                  0.667
                ],
                "y": [
                  1
                ]
              },
              "o": {
                "x": [
                  0.333
                ],
                "y": [
                  0
                ]
              },
              "t": 40,
              "s": [
                100
              ]
            },
            {
              "t": 44,
              "s": [
                0
              ]
            }
          ],
          "ix": 11
        },
        "r": {
          "a": 0,
          "k": 0,
          "ix": 10
        },
        "p": {
          "a": 1,
          "k": [
            {
              "i": {
                "x": 0.667,
                "y": 1
              },
              "o": {
                "x": 0.333,
                "y": 0
              },
              "t": 4,
              "s": [
                12,
                19.5,
                0
              ],
              "to": [
                1.833,
                0,
                0
              ],
              "ti": [
                -1.833,
                0,
                0
              ]
            },
            {
              "t": 24,
              "s": [
                23,
                19.5,
                0
              ]
            }
          ],
          "ix": 2
        },
        "a": {
          "a": 0,
          "k": [
            12.02,
            16.5,
            0
          ],
          "ix": 1
        },
        "s": {
          "a": 0,
          "k": [
            100,
            100,
            100
          ],
          "ix": 6
        }
      },
      "ao": 0,
      "shapes": [
        {
          "ty": "gr",
          "it": [
            {
              "ind": 0,
              "ty": "sh",
              "ix": 1,
              "ks": {
                "a": 0,
                "k": {
                  "i": [
                    [
                      0.27,
                      0
                    ],
                    [
                      0,
                      0
                    ],
                    [
                      0,
                      -0.28
                    ],
                    [
                      -0.28,
                      0
                    ],
                    [
                      0,
                      0
                    ],
                    [
                      0,
                      0.28
                    ]
                  ],
                  "o": [
                    [
                      0,
                      0
                    ],
                    [
                      -0.28,
                      0
                    ],
                    [
                      0,
                      0.28
                    ],
                    [
                      0,
                      0
                    ],
                    [
                      0.27,
                      0
                    ],
                    [
                      0,
                      -0.28
                    ]
                  ],
                  "v": [
                    [
                      -1,
                      13.805
                    ],
                    [
                      -2,
                      13.805
                    ],
                    [
                      -2.5,
                      14.305
                    ],
                    [
                      -2,
                      14.805
                    ],
                    [
                      -1,
                      14.805
                    ],
                    [
                      -0.5,
                      14.305
                    ]
                  ],
                  "c": true
                },
                "ix": 2
              },
              "nm": "Path 1",
              "mn": "ADBE Vector Shape - Group",
              "hd": false
            },
            {
              "ind": 1,
              "ty": "sh",
              "ix": 2,
              "ks": {
                "a": 0,
                "k": {
                  "i": [
                    [
                      0.32,
                      -1.3
                    ],
                    [
                      0,
                      0
                    ],
                    [
                      0.02,
                      -0.56
                    ],
                    [
                      0,
                      0
                    ],
                    [
                      0.4,
                      0
                    ],
                    [
                      0,
                      0
                    ],
                    [
                      0.39,
                      -0.09
                    ],
                    [
                      0,
                      0
                    ],
                    [
                      0.75,
                      0.45
                    ],
                    [
                      1.26,
                      2.22
                    ],
                    [
                      0,
                      0
                    ],
                    [
                      0.24,
                      0.32
                    ],
                    [
                      0,
                      0
                    ],
                    [
                      0,
                      0
                    ],
                    [
                      -0.7,
                      -0.67
                    ],
                    [
                      -0.01,
                      -0.02
                    ],
                    [
                      0,
                      0
                    ],
                    [
                      -1.03,
                      -0.32
                    ],
                    [
                      0,
                      0
                    ],
                    [
                      -0.33,
                      -0.03
                    ],
                    [
                      0,
                      0
                    ],
                    [
                      -0.01,
                      0.32
                    ],
                    [
                      0,
                      0
                    ],
                    [
                      -0.62,
                      0
                    ],
                    [
                      0,
                      0
                    ],
                    [
                      0,
                      -0.67
                    ],
                    [
                      0,
                      0
                    ],
                    [
                      -0.33,
                      0
                    ],
                    [
                      0.01,
                      0.34
                    ],
                    [
                      0,
                      0
                    ],
                    [
                      -0.33,
                      0
                    ],
                    [
                      0,
                      0
                    ],
                    [
                      -0.13,
                      -0.91
                    ],
                    [
                      0,
                      0
                    ],
                    [
                      -0.3,
                      0
                    ],
                    [
                      0,
                      0
                    ],
                    [
                      0.05,
                      0.33
                    ],
                    [
                      0,
                      0
                    ],
                    [
                      0,
                      0
                    ],
                    [
                      0,
                      0
                    ],
                    [
                      -0.11,
                      0.01
                    ],
                    [
                      0,
                      0
                    ],
                    [
                      -0.15,
                      -0.89
                    ],
                    [
                      0,
                      0
                    ],
                    [
                      -0.3,
                      0
                    ],
                    [
                      0,
                      0
                    ],
                    [
                      0.06,
                      0.33
                    ],
                    [
                      0,
                      0
                    ],
                    [
                      0,
                      0
                    ],
                    [
                      0,
                      0
                    ],
                    [
                      0,
                      0
                    ],
                    [
                      -0.19,
                      -1.2
                    ],
                    [
                      0,
                      0
                    ]
                  ],
                  "o": [
                    [
                      0,
                      0
                    ],
                    [
                      -0.16,
                      0.53
                    ],
                    [
                      0,
                      0
                    ],
                    [
                      -0.39,
                      -0.09
                    ],
                    [
                      0,
                      0
                    ],
                    [
                      -0.4,
                      0
                    ],
                    [
                      0,
                      0
                    ],
                    [
                      0.01,
                      -0.87
                    ],
                    [
                      -2.18,
                      -1.32
                    ],
                    [
                      0,
                      0
                    ],
                    [
                      -0.2,
                      -0.34
                    ],
                    [
                      0,
                      0
                    ],
                    [
                      0,
                      0
                    ],
                    [
                      0.67,
                      -0.7
                    ],
                    [
                      0.01,
                      0.02
                    ],
                    [
                      0,
                      0
                    ],
                    [
                      0.74,
                      0.77
                    ],
                    [
                      0,
                      0
                    ],
                    [
                      -0.03,
                      0.33
                    ],
                    [
                      0,
                      0
                    ],
                    [
                      0.32,
                      0
                    ],
                    [
                      0,
                      0
                    ],
                    [
                      0.05,
                      -0.64
                    ],
                    [
                      0,
                      0
                    ],
                    [
                      0.66,
                      0
                    ],
                    [
                      0,
                      0
                    ],
                    [
                      0,
                      0.34
                    ],
                    [
                      0.33,
                      0
                    ],
                    [
                      0,
                      0
                    ],
                    [
                      0,
                      -0.34
                    ],
                    [
                      0,
                      0
                    ],
                    [
                      0.9,
                      -0.01
                    ],
                    [
                      0,
                      0
                    ],
                    [
                      0.04,
                      0.3
                    ],
                    [
                      0,
                      0
                    ],
                    [
                      0.33,
                      -0.05
                    ],
                    [
                      0,
                      0
                    ],
                    [
                      0,
                      0
                    ],
                    [
                      0,
                      0
                    ],
                    [
                      0.09,
                      -0.06
                    ],
                    [
                      0,
                      0
                    ],
                    [
                      0.89,
                      -0.01
                    ],
                    [
                      0,
                      0
                    ],
                    [
                      0.05,
                      0.29
                    ],
                    [
                      0,
                      0
                    ],
                    [
                      0.33,
                      -0.06
                    ],
                    [
                      0,
                      0
                    ],
                    [
                      0,
                      0
                    ],
                    [
                      0,
                      0
                    ],
                    [
                      0,
                      0
                    ],
                    [
                      1.18,
                      -0.02
                    ],
                    [
                      0,
                      0
                    ],
                    [
                      0.13,
                      1.33
                    ]
                  ],
                  "v": [
                    [
                      10.9,
                      5.885
                    ],
                    [
                      10.39,
                      7.985
                    ],
                    [
                      10.12,
                      9.615
                    ],
                    [
                      10.12,
                      10.835
                    ],
                    [
                      8.93,
                      10.695
                    ],
                    [
                      -1.79,
                      10.695
                    ],
                    [
                      -2.98,
                      10.835
                    ],
                    [
                      -2.98,
                      9.655
                    ],
                    [
                      -4.17,
                      7.525
                    ],
                    [
                      -9.42,
                      2.135
                    ],
                    [
                      -9.52,
                      1.915
                    ],
                    [
                      -10.18,
                      0.915
                    ],
                    [
                      -11.31,
                      -0.655
                    ],
                    [
                      -10.98,
                      -0.995
                    ],
                    [
                      -8.5,
                      -1.045
                    ],
                    [
                      -8.46,
                      -0.995
                    ],
                    [
                      -7.92,
                      -0.445
                    ],
                    [
                      -5.22,
                      1.215
                    ],
                    [
                      -5.3,
                      2.505
                    ],
                    [
                      -4.76,
                      3.155
                    ],
                    [
                      -4.7,
                      3.155
                    ],
                    [
                      -4.11,
                      2.585
                    ],
                    [
                      -3.09,
                      -13.835
                    ],
                    [
                      -1.9,
                      -14.975
                    ],
                    [
                      -1.79,
                      -14.975
                    ],
                    [
                      -0.6,
                      -13.755
                    ],
                    [
                      -0.6,
                      -3.365
                    ],
                    [
                      0,
                      -2.755
                    ],
                    [
                      0.59,
                      -3.365
                    ],
                    [
                      0.59,
                      -5.805
                    ],
                    [
                      1.19,
                      -6.415
                    ],
                    [
                      1.5,
                      -6.415
                    ],
                    [
                      3.29,
                      -4.845
                    ],
                    [
                      3.57,
                      -2.665
                    ],
                    [
                      4.16,
                      -2.135
                    ],
                    [
                      4.25,
                      -2.135
                    ],
                    [
                      4.76,
                      -2.825
                    ],
                    [
                      4.76,
                      -2.835
                    ],
                    [
                      4.46,
                      -5.015
                    ],
                    [
                      4.46,
                      -5.085
                    ],
                    [
                      4.76,
                      -5.195
                    ],
                    [
                      5.12,
                      -5.195
                    ],
                    [
                      6.91,
                      -3.665
                    ],
                    [
                      7.14,
                      -2.035
                    ],
                    [
                      7.74,
                      -1.525
                    ],
                    [
                      7.84,
                      -1.525
                    ],
                    [
                      8.33,
                      -2.235
                    ],
                    [
                      8.33,
                      -2.245
                    ],
                    [
                      8.07,
                      -3.865
                    ],
                    [
                      8.07,
                      -3.975
                    ],
                    [
                      8.21,
                      -3.975
                    ],
                    [
                      10.59,
                      -1.915
                    ],
                    [
                      11.18,
                      1.915
                    ]
                  ],
                  "c": true
                },
                "ix": 2
              },
              "nm": "Path 2",
              "mn": "ADBE Vector Shape - Group",
              "hd": false
            },
            {
              "ind": 2,
              "ty": "sh",
              "ix": 3,
              "ks": {
                "a": 0,
                "k": {
                  "i": [
                    [
                      0.78,
                      0.56
                    ],
                    [
                      0,
                      0
                    ],
                    [
                      -0.11,
                      0.45
                    ],
                    [
                      0,
                      0
                    ],
                    [
                      0.15,
                      1.49
                    ],
                    [
                      0,
                      0
                    ],
                    [
                      1.75,
                      0
                    ],
                    [
                      0,
                      0
                    ],
                    [
                      0.06,
                      -0.02
                    ],
                    [
                      0.95,
                      0.01
                    ],
                    [
                      0,
                      0
                    ],
                    [
                      0.24,
                      -0.11
                    ],
                    [
                      1.02,
                      0.01
                    ],
                    [
                      0,
                      0
                    ],
                    [
                      0.19,
                      -0.07
                    ],
                    [
                      0,
                      0
                    ],
                    [
                      1.32,
                      0
                    ],
                    [
                      0,
                      0
                    ],
                    [
                      0.08,
                      -1.29
                    ],
                    [
                      0,
                      0
                    ],
                    [
                      0.55,
                      0.56
                    ],
                    [
                      0,
                      0
                    ],
                    [
                      1.16,
                      -1.12
                    ],
                    [
                      0.03,
                      -0.02
                    ],
                    [
                      0,
                      0
                    ],
                    [
                      0,
                      -0.31
                    ],
                    [
                      -0.16,
                      -0.22
                    ],
                    [
                      0,
                      0
                    ],
                    [
                      -0.17,
                      -0.31
                    ],
                    [
                      0,
                      0
                    ],
                    [
                      -2.37,
                      -1.43
                    ],
                    [
                      0,
                      -0.43
                    ],
                    [
                      0,
                      0
                    ],
                    [
                      0,
                      -1.4
                    ],
                    [
                      0,
                      0
                    ],
                    [
                      0,
                      0
                    ],
                    [
                      0,
                      0
                    ],
                    [
                      -1.71,
                      0
                    ],
                    [
                      0,
                      0
                    ],
                    [
                      0,
                      -1.84
                    ],
                    [
                      0,
                      0
                    ],
                    [
                      0,
                      -0.34
                    ],
                    [
                      -0.33,
                      0
                    ],
                    [
                      0,
                      0
                    ],
                    [
                      0,
                      0
                    ],
                    [
                      0,
                      0
                    ],
                    [
                      0,
                      0
                    ]
                  ],
                  "o": [
                    [
                      0,
                      0
                    ],
                    [
                      0,
                      -0.46
                    ],
                    [
                      0,
                      0
                    ],
                    [
                      0.35,
                      -1.45
                    ],
                    [
                      0,
                      0
                    ],
                    [
                      -0.28,
                      -1.77
                    ],
                    [
                      0,
                      0
                    ],
                    [
                      -0.08,
                      0
                    ],
                    [
                      -0.55,
                      -0.78
                    ],
                    [
                      0,
                      0
                    ],
                    [
                      -0.27,
                      0
                    ],
                    [
                      -0.53,
                      -0.86
                    ],
                    [
                      0,
                      0
                    ],
                    [
                      -0.2,
                      0.01
                    ],
                    [
                      0,
                      0
                    ],
                    [
                      0,
                      -1.35
                    ],
                    [
                      0,
                      0
                    ],
                    [
                      -1.26,
                      0
                    ],
                    [
                      0,
                      0
                    ],
                    [
                      -0.73,
                      -0.27
                    ],
                    [
                      0,
                      0
                    ],
                    [
                      -1.13,
                      -1.16
                    ],
                    [
                      -0.03,
                      0.02
                    ],
                    [
                      0,
                      0
                    ],
                    [
                      -0.23,
                      0.24
                    ],
                    [
                      0,
                      0.26
                    ],
                    [
                      0,
                      0
                    ],
                    [
                      0.2,
                      0.28
                    ],
                    [
                      0,
                      0
                    ],
                    [
                      1.37,
                      2.41
                    ],
                    [
                      0.36,
                      0.22
                    ],
                    [
                      0,
                      0
                    ],
                    [
                      -0.79,
                      0.61
                    ],
                    [
                      0,
                      0
                    ],
                    [
                      0,
                      0
                    ],
                    [
                      0,
                      0
                    ],
                    [
                      0,
                      -1.76
                    ],
                    [
                      0,
                      0
                    ],
                    [
                      1.78,
                      0
                    ],
                    [
                      0,
                      0
                    ],
                    [
                      -0.33,
                      0
                    ],
                    [
                      0,
                      0.33
                    ],
                    [
                      0,
                      0
                    ],
                    [
                      0,
                      0
                    ],
                    [
                      0,
                      0
                    ],
                    [
                      0,
                      0
                    ],
                    [
                      0,
                      -1.43
                    ]
                  ],
                  "v": [
                    [
                      11.31,
                      11.355
                    ],
                    [
                      11.31,
                      9.615
                    ],
                    [
                      11.47,
                      8.245
                    ],
                    [
                      11.98,
                      6.155
                    ],
                    [
                      12.29,
                      1.725
                    ],
                    [
                      11.69,
                      -2.125
                    ],
                    [
                      8.16,
                      -5.195
                    ],
                    [
                      7.74,
                      -5.195
                    ],
                    [
                      7.53,
                      -5.155
                    ],
                    [
                      5.15,
                      -6.415
                    ],
                    [
                      4.76,
                      -6.415
                    ],
                    [
                      3.99,
                      -6.245
                    ],
                    [
                      1.5,
                      -7.645
                    ],
                    [
                      1.19,
                      -7.645
                    ],
                    [
                      0.59,
                      -7.535
                    ],
                    [
                      0.59,
                      -13.755
                    ],
                    [
                      -1.79,
                      -16.195
                    ],
                    [
                      -1.9,
                      -16.195
                    ],
                    [
                      -4.28,
                      -13.905
                    ],
                    [
                      -5.14,
                      -0.045
                    ],
                    [
                      -7.08,
                      -1.315
                    ],
                    [
                      -7.61,
                      -1.865
                    ],
                    [
                      -11.74,
                      -1.935
                    ],
                    [
                      -11.82,
                      -1.865
                    ],
                    [
                      -12.16,
                      -1.525
                    ],
                    [
                      -12.5,
                      -0.665
                    ],
                    [
                      -12.27,
                      0.065
                    ],
                    [
                      -11.14,
                      1.615
                    ],
                    [
                      -10.58,
                      2.505
                    ],
                    [
                      -10.46,
                      2.745
                    ],
                    [
                      -4.76,
                      8.595
                    ],
                    [
                      -4.17,
                      9.645
                    ],
                    [
                      -4.17,
                      11.375
                    ],
                    [
                      -5.36,
                      14.365
                    ],
                    [
                      -5.36,
                      16.195
                    ],
                    [
                      -4.17,
                      16.195
                    ],
                    [
                      -4.17,
                      14.365
                    ],
                    [
                      -1.79,
                      11.915
                    ],
                    [
                      8.93,
                      11.915
                    ],
                    [
                      11.31,
                      14.365
                    ],
                    [
                      1.19,
                      14.365
                    ],
                    [
                      0.59,
                      14.975
                    ],
                    [
                      1.19,
                      15.585
                    ],
                    [
                      11.31,
                      15.585
                    ],
                    [
                      11.31,
                      16.195
                    ],
                    [
                      12.5,
                      16.195
                    ],
                    [
                      12.5,
                      14.365
                    ]
                  ],
                  "c": true
                },
                "ix": 2
              },
              "nm": "Path 3",
              "mn": "ADBE Vector Shape - Group",
              "hd": false
            },
            {
              "ty": "mm",
              "mm": 1,
              "nm": "Merge Paths 1",
              "mn": "ADBE Vector Filter - Merge",
              "hd": false
            },
            {
              "ty": "mm",
              "mm": 4,
              "nm": "Merge Paths 2",
              "mn": "ADBE Vector Filter - Merge",
              "hd": false
            },
            {
              "ty": "fl",
              "c": {
                "a": 0,
                "k": [
                  0.729411764706,
                  0.576470588235,
                  0.109803921569,
                  1
                ],
                "ix": 4
              },
              "o": {
                "a": 0,
                "k": 100,
                "ix": 5
              },
              "r": 1,
              "bm": 0,
              "nm": "Fill 1",
              "mn": "ADBE Vector Graphic - Fill",
              "hd": false
            },
            {
              "ty": "tr",
              "p": {
                "a": 0,
                "k": [
                  12.5,
                  16.195
                ],
                "ix": 2
              },
              "a": {
                "a": 0,
                "k": [
                  0,
                  0
                ],
                "ix": 1
              },
              "s": {
                "a": 0,
                "k": [
                  100,
                  100
                ],
                "ix": 3
              },
              "r": {
                "a": 0,
                "k": 0,
                "ix": 6
              },
              "o": {
                "a": 0,
                "k": 100,
                "ix": 7
              },
              "sk": {
                "a": 0,
                "k": 0,
                "ix": 4
              },
              "sa": {
                "a": 0,
                "k": 0,
                "ix": 5
              },
              "nm": "Transform"
            }
          ],
          "nm": "Group 1",
          "np": 6,
          "cix": 2,
          "bm": 0,
          "ix": 1,
          "mn": "ADBE Vector Group",
          "hd": false
        }
      ],
      "ip": 0,
      "op": 720,
      "st": 0,
      "bm": 0
    }
  ],
  "markers": []
}