{
  "v": "5.5.8",
  "fr": 24,
  "ip": 0,
  "op": 58,
  "w": 36,
  "h": 36,
  "nm": "tap",
  "ddd": 0,
  "assets": [],
  "layers": [
    {
      "ddd": 0,
      "ind": 1,
      "ty": 4,
      "nm": "Layer 3 Outlines",
      "sr": 1,
      "ks": {
        "o": {
          "a": 1,
          "k": [
            {
              "i": {
                "x": [
                  0.667
                ],
                "y": [
                  1
                ]
              },
              "o": {
                "x": [
                  0.333
                ],
                "y": [
                  0
                ]
              },
              "t": 28,
              "s": [
                0
              ]
            },
            {
              "i": {
                "x": [
                  0.833
                ],
                "y": [
                  1
                ]
              },
              "o": {
                "x": [
                  0.333
                ],
                "y": [
                  0
                ]
              },
              "t": 40,
              "s": [
                100
              ]
            },
            {
              "t": 48,
              "s": [
                0
              ]
            }
          ],
          "ix": 11
        },
        "r": {
          "a": 0,
          "k": 0,
          "ix": 10
        },
        "p": {
          "a": 0,
          "k": [
            17,
            6.87,
            0
          ],
          "ix": 2
        },
        "a": {
          "a": 0,
          "k": [
            16.773,
            8.238,
            0
          ],
          "ix": 1
        },
        "s": {
          "a": 1,
          "k": [
            {
              "i": {
                "x": [
                  0.667,
                  0.667,
                  0.667
                ],
                "y": [
                  1,
                  1,
                  1
                ]
              },
              "o": {
                "x": [
                  0.333,
                  0.333,
                  0.333
                ],
                "y": [
                  0,
                  0,
                  0
                ]
              },
              "t": 30,
              "s": [
                75,
                75,
                100
              ]
            },
            {
              "t": 36,
              "s": [
                100,
                100,
                100
              ]
            }
          ],
          "ix": 6
        }
      },
      "ao": 0,
      "shapes": [
        {
          "ty": "gr",
          "it": [
            {
              "ind": 0,
              "ty": "sh",
              "ix": 1,
              "ks": {
                "a": 0,
                "k": {
                  "i": [
                    [
                      0,
                      0
                    ],
                    [
                      0,
                      -2.4
                    ],
                    [
                      -1.8,
                      -1.3
                    ]
                  ],
                  "o": [
                    [
                      -1.8,
                      1.3
                    ],
                    [
                      0,
                      2.4
                    ],
                    [
                      0,
                      0
                    ]
                  ],
                  "v": [
                    [
                      1.5,
                      -5.8
                    ],
                    [
                      -1.5,
                      0
                    ],
                    [
                      1.5,
                      5.8
                    ]
                  ],
                  "c": false
                },
                "ix": 2
              },
              "nm": "Path 1",
              "mn": "ADBE Vector Shape - Group",
              "hd": false
            },
            {
              "ty": "st",
              "c": {
                "a": 0,
                "k": [
                  0.728999956916,
                  0.57599995931,
                  0.109999997008,
                  1
                ],
                "ix": 3
              },
              "o": {
                "a": 0,
                "k": 100,
                "ix": 4
              },
              "w": {
                "a": 0,
                "k": 1,
                "ix": 5
              },
              "lc": 2,
              "lj": 1,
              "ml": 10,
              "bm": 0,
              "nm": "Stroke 1",
              "mn": "ADBE Vector Graphic - Stroke",
              "hd": false
            },
            {
              "ty": "tr",
              "p": {
                "a": 0,
                "k": [
                  4,
                  8.3
                ],
                "ix": 2
              },
              "a": {
                "a": 0,
                "k": [
                  0,
                  0
                ],
                "ix": 1
              },
              "s": {
                "a": 0,
                "k": [
                  100,
                  100
                ],
                "ix": 3
              },
              "r": {
                "a": 0,
                "k": 0,
                "ix": 6
              },
              "o": {
                "a": 0,
                "k": 100,
                "ix": 7
              },
              "sk": {
                "a": 0,
                "k": 0,
                "ix": 4
              },
              "sa": {
                "a": 0,
                "k": 0,
                "ix": 5
              },
              "nm": "Transform"
            }
          ],
          "nm": "Group 1",
          "np": 2,
          "cix": 2,
          "bm": 0,
          "ix": 1,
          "mn": "ADBE Vector Group",
          "hd": false
        },
        {
          "ty": "gr",
          "it": [
            {
              "ind": 0,
              "ty": "sh",
              "ix": 1,
              "ks": {
                "a": 0,
                "k": {
                  "i": [
                    [
                      0,
                      0
                    ],
                    [
                      0,
                      -2.4
                    ],
                    [
                      1.8,
                      -1.3
                    ]
                  ],
                  "o": [
                    [
                      1.8,
                      1.3
                    ],
                    [
                      0,
                      2.4
                    ],
                    [
                      0,
                      0
                    ]
                  ],
                  "v": [
                    [
                      -1.5,
                      -5.8
                    ],
                    [
                      1.5,
                      0
                    ],
                    [
                      -1.5,
                      5.8
                    ]
                  ],
                  "c": false
                },
                "ix": 2
              },
              "nm": "Path 1",
              "mn": "ADBE Vector Shape - Group",
              "hd": false
            },
            {
              "ty": "st",
              "c": {
                "a": 0,
                "k": [
                  0.728999956916,
                  0.57599995931,
                  0.109999997008,
                  1
                ],
                "ix": 3
              },
              "o": {
                "a": 0,
                "k": 100,
                "ix": 4
              },
              "w": {
                "a": 0,
                "k": 1,
                "ix": 5
              },
              "lc": 2,
              "lj": 1,
              "ml": 10,
              "bm": 0,
              "nm": "Stroke 1",
              "mn": "ADBE Vector Graphic - Stroke",
              "hd": false
            },
            {
              "ty": "tr",
              "p": {
                "a": 0,
                "k": [
                  29.6,
                  8.3
                ],
                "ix": 2
              },
              "a": {
                "a": 0,
                "k": [
                  0,
                  0
                ],
                "ix": 1
              },
              "s": {
                "a": 0,
                "k": [
                  100,
                  100
                ],
                "ix": 3
              },
              "r": {
                "a": 0,
                "k": 0,
                "ix": 6
              },
              "o": {
                "a": 0,
                "k": 100,
                "ix": 7
              },
              "sk": {
                "a": 0,
                "k": 0,
                "ix": 4
              },
              "sa": {
                "a": 0,
                "k": 0,
                "ix": 5
              },
              "nm": "Transform"
            }
          ],
          "nm": "Group 2",
          "np": 2,
          "cix": 2,
          "bm": 0,
          "ix": 2,
          "mn": "ADBE Vector Group",
          "hd": false
        }
      ],
      "ip": -4,
      "op": 716,
      "st": -4,
      "bm": 0
    },
    {
      "ddd": 0,
      "ind": 2,
      "ty": 4,
      "nm": "Layer 2 Outlines",
      "sr": 1,
      "ks": {
        "o": {
          "a": 1,
          "k": [
            {
              "i": {
                "x": [
                  0.667
                ],
                "y": [
                  1
                ]
              },
              "o": {
                "x": [
                  0.333
                ],
                "y": [
                  0
                ]
              },
              "t": 24,
              "s": [
                0
              ]
            },
            {
              "i": {
                "x": [
                  0.667
                ],
                "y": [
                  1
                ]
              },
              "o": {
                "x": [
                  0.333
                ],
                "y": [
                  0
                ]
              },
              "t": 32,
              "s": [
                100
              ]
            },
            {
              "i": {
                "x": [
                  0.667
                ],
                "y": [
                  1
                ]
              },
              "o": {
                "x": [
                  0.333
                ],
                "y": [
                  0
                ]
              },
              "t": 36,
              "s": [
                100
              ]
            },
            {
              "t": 44,
              "s": [
                0
              ]
            }
          ],
          "ix": 11
        },
        "r": {
          "a": 0,
          "k": 0,
          "ix": 10
        },
        "p": {
          "a": 0,
          "k": [
            17.05,
            6.82,
            0
          ],
          "ix": 2
        },
        "a": {
          "a": 0,
          "k": [
            12.941,
            5.994,
            0
          ],
          "ix": 1
        },
        "s": {
          "a": 1,
          "k": [
            {
              "i": {
                "x": [
                  0.667,
                  0.667,
                  0.667
                ],
                "y": [
                  1,
                  1,
                  1
                ]
              },
              "o": {
                "x": [
                  0.333,
                  0.333,
                  0.333
                ],
                "y": [
                  0,
                  0,
                  0
                ]
              },
              "t": 20,
              "s": [
                0,
                0,
                100
              ]
            },
            {
              "t": 32,
              "s": [
                100,
                100,
                100
              ]
            }
          ],
          "ix": 6
        }
      },
      "ao": 0,
      "shapes": [
        {
          "ty": "gr",
          "it": [
            {
              "ind": 0,
              "ty": "sh",
              "ix": 1,
              "ks": {
                "a": 0,
                "k": {
                  "i": [
                    [
                      0,
                      0
                    ],
                    [
                      0,
                      -1.5
                    ],
                    [
                      -1.1,
                      -0.8
                    ]
                  ],
                  "o": [
                    [
                      -1.2,
                      0.8
                    ],
                    [
                      0,
                      1.5
                    ],
                    [
                      0,
                      0
                    ]
                  ],
                  "v": [
                    [
                      0.95,
                      -3.65
                    ],
                    [
                      -0.95,
                      -0.05
                    ],
                    [
                      0.95,
                      3.65
                    ]
                  ],
                  "c": false
                },
                "ix": 2
              },
              "nm": "Path 1",
              "mn": "ADBE Vector Shape - Group",
              "hd": false
            },
            {
              "ty": "st",
              "c": {
                "a": 0,
                "k": [
                  0.728999956916,
                  0.57599995931,
                  0.109999997008,
                  1
                ],
                "ix": 3
              },
              "o": {
                "a": 0,
                "k": 100,
                "ix": 4
              },
              "w": {
                "a": 0,
                "k": 1,
                "ix": 5
              },
              "lc": 2,
              "lj": 1,
              "ml": 10,
              "bm": 0,
              "nm": "Stroke 1",
              "mn": "ADBE Vector Graphic - Stroke",
              "hd": false
            },
            {
              "ty": "tr",
              "p": {
                "a": 0,
                "k": [
                  3.45,
                  6.15
                ],
                "ix": 2
              },
              "a": {
                "a": 0,
                "k": [
                  0,
                  0
                ],
                "ix": 1
              },
              "s": {
                "a": 0,
                "k": [
                  100,
                  100
                ],
                "ix": 3
              },
              "r": {
                "a": 0,
                "k": 0,
                "ix": 6
              },
              "o": {
                "a": 0,
                "k": 100,
                "ix": 7
              },
              "sk": {
                "a": 0,
                "k": 0,
                "ix": 4
              },
              "sa": {
                "a": 0,
                "k": 0,
                "ix": 5
              },
              "nm": "Transform"
            }
          ],
          "nm": "Group 1",
          "np": 2,
          "cix": 2,
          "bm": 0,
          "ix": 1,
          "mn": "ADBE Vector Group",
          "hd": false
        },
        {
          "ty": "gr",
          "it": [
            {
              "ind": 0,
              "ty": "sh",
              "ix": 1,
              "ks": {
                "a": 0,
                "k": {
                  "i": [
                    [
                      0,
                      0
                    ],
                    [
                      0,
                      -1.5
                    ],
                    [
                      1.101,
                      -0.8
                    ]
                  ],
                  "o": [
                    [
                      1.2,
                      0.8
                    ],
                    [
                      0,
                      1.5
                    ],
                    [
                      0,
                      0
                    ]
                  ],
                  "v": [
                    [
                      -0.95,
                      -3.65
                    ],
                    [
                      0.95,
                      -0.05
                    ],
                    [
                      -0.95,
                      3.65
                    ]
                  ],
                  "c": false
                },
                "ix": 2
              },
              "nm": "Path 1",
              "mn": "ADBE Vector Shape - Group",
              "hd": false
            },
            {
              "ty": "st",
              "c": {
                "a": 0,
                "k": [
                  0.728999956916,
                  0.57599995931,
                  0.109999997008,
                  1
                ],
                "ix": 3
              },
              "o": {
                "a": 0,
                "k": 100,
                "ix": 4
              },
              "w": {
                "a": 0,
                "k": 1,
                "ix": 5
              },
              "lc": 2,
              "lj": 1,
              "ml": 10,
              "bm": 0,
              "nm": "Stroke 1",
              "mn": "ADBE Vector Graphic - Stroke",
              "hd": false
            },
            {
              "ty": "tr",
              "p": {
                "a": 0,
                "k": [
                  22.45,
                  6.15
                ],
                "ix": 2
              },
              "a": {
                "a": 0,
                "k": [
                  0,
                  0
                ],
                "ix": 1
              },
              "s": {
                "a": 0,
                "k": [
                  100,
                  100
                ],
                "ix": 3
              },
              "r": {
                "a": 0,
                "k": 0,
                "ix": 6
              },
              "o": {
                "a": 0,
                "k": 100,
                "ix": 7
              },
              "sk": {
                "a": 0,
                "k": 0,
                "ix": 4
              },
              "sa": {
                "a": 0,
                "k": 0,
                "ix": 5
              },
              "nm": "Transform"
            }
          ],
          "nm": "Group 2",
          "np": 2,
          "cix": 2,
          "bm": 0,
          "ix": 2,
          "mn": "ADBE Vector Group",
          "hd": false
        }
      ],
      "ip": 0,
      "op": 720,
      "st": 0,
      "bm": 0
    },
    {
      "ddd": 0,
      "ind": 3,
      "ty": 4,
      "nm": "Layer 1 Outlines",
      "sr": 1,
      "ks": {
        "o": {
          "a": 1,
          "k": [
            {
              "i": {
                "x": [
                  0.667
                ],
                "y": [
                  1
                ]
              },
              "o": {
                "x": [
                  0.333
                ],
                "y": [
                  0
                ]
              },
              "t": 0,
              "s": [
                0
              ]
            },
            {
              "i": {
                "x": [
                  0.667
                ],
                "y": [
                  1
                ]
              },
              "o": {
                "x": [
                  0.333
                ],
                "y": [
                  0
                ]
              },
              "t": 8,
              "s": [
                100
              ]
            },
            {
              "i": {
                "x": [
                  0.667
                ],
                "y": [
                  1
                ]
              },
              "o": {
                "x": [
                  0.333
                ],
                "y": [
                  0
                ]
              },
              "t": 40,
              "s": [
                100
              ]
            },
            {
              "t": 48,
              "s": [
                0
              ]
            }
          ],
          "ix": 11
        },
        "r": {
          "a": 0,
          "k": 0,
          "ix": 10
        },
        "p": {
          "a": 0,
          "k": [
            19,
            19,
            0
          ],
          "ix": 2
        },
        "a": {
          "a": 0,
          "k": [
            13,
            16.195,
            0
          ],
          "ix": 1
        },
        "s": {
          "a": 1,
          "k": [
            {
              "i": {
                "x": [
                  0.667,
                  0.667,
                  0.667
                ],
                "y": [
                  1,
                  1,
                  1
                ]
              },
              "o": {
                "x": [
                  0.333,
                  0.333,
                  0.333
                ],
                "y": [
                  0,
                  0,
                  0
                ]
              },
              "t": 0,
              "s": [
                100,
                100,
                100
              ]
            },
            {
              "i": {
                "x": [
                  0.667,
                  0.667,
                  0.667
                ],
                "y": [
                  1,
                  1,
                  1
                ]
              },
              "o": {
                "x": [
                  0.333,
                  0.333,
                  0.333
                ],
                "y": [
                  0,
                  0,
                  0
                ]
              },
              "t": 12,
              "s": [
                110,
                110,
                100
              ]
            },
            {
              "t": 24,
              "s": [
                100,
                100,
                100
              ]
            }
          ],
          "ix": 6
        }
      },
      "ao": 0,
      "shapes": [
        {
          "ty": "gr",
          "it": [
            {
              "ind": 0,
              "ty": "sh",
              "ix": 1,
              "ks": {
                "a": 0,
                "k": {
                  "i": [
                    [
                      0.27,
                      0
                    ],
                    [
                      0,
                      0
                    ],
                    [
                      0,
                      -0.279
                    ],
                    [
                      -0.28,
                      0
                    ],
                    [
                      0,
                      0
                    ],
                    [
                      0,
                      0.28
                    ]
                  ],
                  "o": [
                    [
                      0,
                      0
                    ],
                    [
                      -0.28,
                      0
                    ],
                    [
                      0,
                      0.28
                    ],
                    [
                      0,
                      0
                    ],
                    [
                      0.27,
                      0
                    ],
                    [
                      0,
                      -0.279
                    ]
                  ],
                  "v": [
                    [
                      -1,
                      13.805
                    ],
                    [
                      -2,
                      13.805
                    ],
                    [
                      -2.5,
                      14.305
                    ],
                    [
                      -2,
                      14.805
                    ],
                    [
                      -1,
                      14.805
                    ],
                    [
                      -0.5,
                      14.305
                    ]
                  ],
                  "c": true
                },
                "ix": 2
              },
              "nm": "Path 1",
              "mn": "ADBE Vector Shape - Group",
              "hd": false
            },
            {
              "ind": 1,
              "ty": "sh",
              "ix": 2,
              "ks": {
                "a": 0,
                "k": {
                  "i": [
                    [
                      0.32,
                      -1.3
                    ],
                    [
                      0,
                      0
                    ],
                    [
                      0.02,
                      -0.561
                    ],
                    [
                      0,
                      0
                    ],
                    [
                      0.4,
                      0
                    ],
                    [
                      0,
                      0
                    ],
                    [
                      0.39,
                      -0.09
                    ],
                    [
                      0,
                      0
                    ],
                    [
                      0.75,
                      0.449
                    ],
                    [
                      1.26,
                      2.221
                    ],
                    [
                      0,
                      0
                    ],
                    [
                      0.24,
                      0.321
                    ],
                    [
                      0,
                      0
                    ],
                    [
                      0,
                      0
                    ],
                    [
                      -0.7,
                      -0.67
                    ],
                    [
                      -0.01,
                      -0.02
                    ],
                    [
                      0,
                      0
                    ],
                    [
                      -1.03,
                      -0.32
                    ],
                    [
                      0,
                      0
                    ],
                    [
                      -0.33,
                      -0.031
                    ],
                    [
                      0,
                      0
                    ],
                    [
                      -0.01,
                      0.321
                    ],
                    [
                      0,
                      0
                    ],
                    [
                      -0.62,
                      0
                    ],
                    [
                      0,
                      0
                    ],
                    [
                      0,
                      -0.669
                    ],
                    [
                      0,
                      0
                    ],
                    [
                      -0.33,
                      0
                    ],
                    [
                      0.01,
                      0.34
                    ],
                    [
                      0,
                      0
                    ],
                    [
                      -0.33,
                      0
                    ],
                    [
                      0,
                      0
                    ],
                    [
                      -0.13,
                      -0.91
                    ],
                    [
                      0,
                      0
                    ],
                    [
                      -0.3,
                      0
                    ],
                    [
                      0,
                      0
                    ],
                    [
                      0.05,
                      0.33
                    ],
                    [
                      0,
                      0
                    ],
                    [
                      0,
                      0
                    ],
                    [
                      0,
                      0
                    ],
                    [
                      -0.11,
                      0.01
                    ],
                    [
                      0,
                      0
                    ],
                    [
                      -0.15,
                      -0.89
                    ],
                    [
                      0,
                      0
                    ],
                    [
                      -0.3,
                      0
                    ],
                    [
                      0,
                      0
                    ],
                    [
                      0.06,
                      0.33
                    ],
                    [
                      0,
                      0
                    ],
                    [
                      0,
                      0
                    ],
                    [
                      0,
                      0
                    ],
                    [
                      0,
                      0
                    ],
                    [
                      -0.19,
                      -1.2
                    ],
                    [
                      0,
                      0
                    ]
                  ],
                  "o": [
                    [
                      0,
                      0
                    ],
                    [
                      -0.16,
                      0.529
                    ],
                    [
                      0,
                      0
                    ],
                    [
                      -0.39,
                      -0.09
                    ],
                    [
                      0,
                      0
                    ],
                    [
                      -0.4,
                      0
                    ],
                    [
                      0,
                      0
                    ],
                    [
                      0.01,
                      -0.871
                    ],
                    [
                      -2.18,
                      -1.321
                    ],
                    [
                      0,
                      0
                    ],
                    [
                      -0.2,
                      -0.339
                    ],
                    [
                      0,
                      0
                    ],
                    [
                      0,
                      0
                    ],
                    [
                      0.67,
                      -0.7
                    ],
                    [
                      0.01,
                      0.02
                    ],
                    [
                      0,
                      0
                    ],
                    [
                      0.74,
                      0.771
                    ],
                    [
                      0,
                      0
                    ],
                    [
                      -0.03,
                      0.33
                    ],
                    [
                      0,
                      0
                    ],
                    [
                      0.32,
                      0
                    ],
                    [
                      0,
                      0
                    ],
                    [
                      0.05,
                      -0.64
                    ],
                    [
                      0,
                      0
                    ],
                    [
                      0.66,
                      0
                    ],
                    [
                      0,
                      0
                    ],
                    [
                      0,
                      0.34
                    ],
                    [
                      0.33,
                      0
                    ],
                    [
                      0,
                      0
                    ],
                    [
                      0,
                      -0.34
                    ],
                    [
                      0,
                      0
                    ],
                    [
                      0.9,
                      -0.009
                    ],
                    [
                      0,
                      0
                    ],
                    [
                      0.04,
                      0.3
                    ],
                    [
                      0,
                      0
                    ],
                    [
                      0.33,
                      -0.051
                    ],
                    [
                      0,
                      0
                    ],
                    [
                      0,
                      0
                    ],
                    [
                      0,
                      0
                    ],
                    [
                      0.09,
                      -0.06
                    ],
                    [
                      0,
                      0
                    ],
                    [
                      0.89,
                      -0.01
                    ],
                    [
                      0,
                      0
                    ],
                    [
                      0.05,
                      0.29
                    ],
                    [
                      0,
                      0
                    ],
                    [
                      0.33,
                      -0.06
                    ],
                    [
                      0,
                      0
                    ],
                    [
                      0,
                      0
                    ],
                    [
                      0,
                      0
                    ],
                    [
                      0,
                      0
                    ],
                    [
                      1.18,
                      -0.02
                    ],
                    [
                      0,
                      0
                    ],
                    [
                      0.13,
                      1.33
                    ]
                  ],
                  "v": [
                    [
                      10.9,
                      5.885
                    ],
                    [
                      10.39,
                      7.986
                    ],
                    [
                      10.12,
                      9.615
                    ],
                    [
                      10.12,
                      10.835
                    ],
                    [
                      8.93,
                      10.695
                    ],
                    [
                      -1.79,
                      10.695
                    ],
                    [
                      -2.98,
                      10.835
                    ],
                    [
                      -2.98,
                      9.656
                    ],
                    [
                      -4.17,
                      7.525
                    ],
                    [
                      -9.42,
                      2.135
                    ],
                    [
                      -9.52,
                      1.915
                    ],
                    [
                      -10.18,
                      0.915
                    ],
                    [
                      -11.31,
                      -0.656
                    ],
                    [
                      -10.98,
                      -0.995
                    ],
                    [
                      -8.5,
                      -1.046
                    ],
                    [
                      -8.46,
                      -0.995
                    ],
                    [
                      -7.92,
                      -0.445
                    ],
                    [
                      -5.22,
                      1.214
                    ],
                    [
                      -5.3,
                      2.505
                    ],
                    [
                      -4.76,
                      3.156
                    ],
                    [
                      -4.7,
                      3.156
                    ],
                    [
                      -4.11,
                      2.585
                    ],
                    [
                      -3.09,
                      -13.835
                    ],
                    [
                      -1.9,
                      -14.976
                    ],
                    [
                      -1.79,
                      -14.976
                    ],
                    [
                      -0.6,
                      -13.756
                    ],
                    [
                      -0.6,
                      -3.366
                    ],
                    [
                      0,
                      -2.756
                    ],
                    [
                      0.59,
                      -3.366
                    ],
                    [
                      0.59,
                      -5.805
                    ],
                    [
                      1.19,
                      -6.415
                    ],
                    [
                      1.5,
                      -6.415
                    ],
                    [
                      3.29,
                      -4.846
                    ],
                    [
                      3.57,
                      -2.665
                    ],
                    [
                      4.16,
                      -2.135
                    ],
                    [
                      4.25,
                      -2.135
                    ],
                    [
                      4.76,
                      -2.826
                    ],
                    [
                      4.76,
                      -2.835
                    ],
                    [
                      4.46,
                      -5.016
                    ],
                    [
                      4.46,
                      -5.085
                    ],
                    [
                      4.76,
                      -5.195
                    ],
                    [
                      5.12,
                      -5.195
                    ],
                    [
                      6.91,
                      -3.665
                    ],
                    [
                      7.14,
                      -2.036
                    ],
                    [
                      7.74,
                      -1.525
                    ],
                    [
                      7.84,
                      -1.525
                    ],
                    [
                      8.33,
                      -2.236
                    ],
                    [
                      8.33,
                      -2.245
                    ],
                    [
                      8.07,
                      -3.866
                    ],
                    [
                      8.07,
                      -3.976
                    ],
                    [
                      8.21,
                      -3.976
                    ],
                    [
                      10.59,
                      -1.915
                    ],
                    [
                      11.18,
                      1.915
                    ]
                  ],
                  "c": true
                },
                "ix": 2
              },
              "nm": "Path 2",
              "mn": "ADBE Vector Shape - Group",
              "hd": false
            },
            {
              "ind": 2,
              "ty": "sh",
              "ix": 3,
              "ks": {
                "a": 0,
                "k": {
                  "i": [
                    [
                      0.78,
                      0.559
                    ],
                    [
                      0,
                      0
                    ],
                    [
                      -0.11,
                      0.451
                    ],
                    [
                      0,
                      0
                    ],
                    [
                      0.15,
                      1.49
                    ],
                    [
                      0,
                      0
                    ],
                    [
                      1.75,
                      0
                    ],
                    [
                      0,
                      0
                    ],
                    [
                      0.06,
                      -0.019
                    ],
                    [
                      0.95,
                      0.01
                    ],
                    [
                      0,
                      0
                    ],
                    [
                      0.24,
                      -0.11
                    ],
                    [
                      1.02,
                      0.011
                    ],
                    [
                      0,
                      0
                    ],
                    [
                      0.19,
                      -0.07
                    ],
                    [
                      0,
                      0
                    ],
                    [
                      1.32,
                      0
                    ],
                    [
                      0,
                      0
                    ],
                    [
                      0.08,
                      -1.29
                    ],
                    [
                      0,
                      0
                    ],
                    [
                      0.55,
                      0.56
                    ],
                    [
                      0,
                      0
                    ],
                    [
                      1.16,
                      -1.12
                    ],
                    [
                      0.03,
                      -0.019
                    ],
                    [
                      0,
                      0
                    ],
                    [
                      0,
                      -0.31
                    ],
                    [
                      -0.16,
                      -0.221
                    ],
                    [
                      0,
                      0
                    ],
                    [
                      -0.17,
                      -0.309
                    ],
                    [
                      0,
                      0
                    ],
                    [
                      -2.37,
                      -1.43
                    ],
                    [
                      0,
                      -0.43
                    ],
                    [
                      0,
                      0
                    ],
                    [
                      0,
                      -1.401
                    ],
                    [
                      0,
                      0
                    ],
                    [
                      0,
                      0
                    ],
                    [
                      0,
                      0
                    ],
                    [
                      -1.71,
                      0
                    ],
                    [
                      0,
                      0
                    ],
                    [
                      0,
                      -1.84
                    ],
                    [
                      0,
                      0
                    ],
                    [
                      0,
                      -0.34
                    ],
                    [
                      -0.33,
                      0
                    ],
                    [
                      0,
                      0
                    ],
                    [
                      0,
                      0
                    ],
                    [
                      0,
                      0
                    ],
                    [
                      0,
                      0
                    ]
                  ],
                  "o": [
                    [
                      0,
                      0
                    ],
                    [
                      0,
                      -0.46
                    ],
                    [
                      0,
                      0
                    ],
                    [
                      0.35,
                      -1.451
                    ],
                    [
                      0,
                      0
                    ],
                    [
                      -0.28,
                      -1.77
                    ],
                    [
                      0,
                      0
                    ],
                    [
                      -0.08,
                      0
                    ],
                    [
                      -0.55,
                      -0.78
                    ],
                    [
                      0,
                      0
                    ],
                    [
                      -0.27,
                      0
                    ],
                    [
                      -0.53,
                      -0.86
                    ],
                    [
                      0,
                      0
                    ],
                    [
                      -0.2,
                      0.011
                    ],
                    [
                      0,
                      0
                    ],
                    [
                      0,
                      -1.35
                    ],
                    [
                      0,
                      0
                    ],
                    [
                      -1.26,
                      0
                    ],
                    [
                      0,
                      0
                    ],
                    [
                      -0.73,
                      -0.27
                    ],
                    [
                      0,
                      0
                    ],
                    [
                      -1.13,
                      -1.16
                    ],
                    [
                      -0.03,
                      0.02
                    ],
                    [
                      0,
                      0
                    ],
                    [
                      -0.23,
                      0.24
                    ],
                    [
                      0,
                      0.26
                    ],
                    [
                      0,
                      0
                    ],
                    [
                      0.2,
                      0.279
                    ],
                    [
                      0,
                      0
                    ],
                    [
                      1.37,
                      2.411
                    ],
                    [
                      0.36,
                      0.221
                    ],
                    [
                      0,
                      0
                    ],
                    [
                      -0.79,
                      0.611
                    ],
                    [
                      0,
                      0
                    ],
                    [
                      0,
                      0
                    ],
                    [
                      0,
                      0
                    ],
                    [
                      0,
                      -1.76
                    ],
                    [
                      0,
                      0
                    ],
                    [
                      1.78,
                      0
                    ],
                    [
                      0,
                      0
                    ],
                    [
                      -0.33,
                      0
                    ],
                    [
                      0,
                      0.33
                    ],
                    [
                      0,
                      0
                    ],
                    [
                      0,
                      0
                    ],
                    [
                      0,
                      0
                    ],
                    [
                      0,
                      0
                    ],
                    [
                      0,
                      -1.431
                    ]
                  ],
                  "v": [
                    [
                      11.31,
                      11.355
                    ],
                    [
                      11.31,
                      9.615
                    ],
                    [
                      11.47,
                      8.245
                    ],
                    [
                      11.98,
                      6.156
                    ],
                    [
                      12.29,
                      1.725
                    ],
                    [
                      11.69,
                      -2.126
                    ],
                    [
                      8.16,
                      -5.195
                    ],
                    [
                      7.74,
                      -5.195
                    ],
                    [
                      7.53,
                      -5.156
                    ],
                    [
                      5.15,
                      -6.415
                    ],
                    [
                      4.76,
                      -6.415
                    ],
                    [
                      3.99,
                      -6.245
                    ],
                    [
                      1.5,
                      -7.646
                    ],
                    [
                      1.19,
                      -7.646
                    ],
                    [
                      0.59,
                      -7.536
                    ],
                    [
                      0.59,
                      -13.756
                    ],
                    [
                      -1.79,
                      -16.195
                    ],
                    [
                      -1.9,
                      -16.195
                    ],
                    [
                      -4.28,
                      -13.906
                    ],
                    [
                      -5.14,
                      -0.046
                    ],
                    [
                      -7.08,
                      -1.316
                    ],
                    [
                      -7.61,
                      -1.866
                    ],
                    [
                      -11.74,
                      -1.936
                    ],
                    [
                      -11.82,
                      -1.866
                    ],
                    [
                      -12.16,
                      -1.525
                    ],
                    [
                      -12.5,
                      -0.665
                    ],
                    [
                      -12.27,
                      0.066
                    ],
                    [
                      -11.14,
                      1.615
                    ],
                    [
                      -10.58,
                      2.505
                    ],
                    [
                      -10.46,
                      2.744
                    ],
                    [
                      -4.76,
                      8.594
                    ],
                    [
                      -4.17,
                      9.645
                    ],
                    [
                      -4.17,
                      11.374
                    ],
                    [
                      -5.36,
                      14.365
                    ],
                    [
                      -5.36,
                      16.195
                    ],
                    [
                      -4.17,
                      16.195
                    ],
                    [
                      -4.17,
                      14.365
                    ],
                    [
                      -1.79,
                      11.915
                    ],
                    [
                      8.93,
                      11.915
                    ],
                    [
                      11.31,
                      14.365
                    ],
                    [
                      1.19,
                      14.365
                    ],
                    [
                      0.59,
                      14.975
                    ],
                    [
                      1.19,
                      15.585
                    ],
                    [
                      11.31,
                      15.585
                    ],
                    [
                      11.31,
                      16.195
                    ],
                    [
                      12.5,
                      16.195
                    ],
                    [
                      12.5,
                      14.365
                    ]
                  ],
                  "c": true
                },
                "ix": 2
              },
              "nm": "Path 3",
              "mn": "ADBE Vector Shape - Group",
              "hd": false
            },
            {
              "ty": "mm",
              "mm": 1,
              "nm": "Merge Paths 1",
              "mn": "ADBE Vector Filter - Merge",
              "hd": false
            },
            {
              "ty": "fl",
              "c": {
                "a": 0,
                "k": [
                  0.728999956916,
                  0.57599995931,
                  0.109999997008,
                  1
                ],
                "ix": 4
              },
              "o": {
                "a": 0,
                "k": 100,
                "ix": 5
              },
              "r": 1,
              "bm": 0,
              "nm": "Fill 1",
              "mn": "ADBE Vector Graphic - Fill",
              "hd": false
            },
            {
              "ty": "tr",
              "p": {
                "a": 0,
                "k": [
                  12.75,
                  16.445
                ],
                "ix": 2
              },
              "a": {
                "a": 0,
                "k": [
                  0,
                  0
                ],
                "ix": 1
              },
              "s": {
                "a": 0,
                "k": [
                  100,
                  100
                ],
                "ix": 3
              },
              "r": {
                "a": 0,
                "k": 0,
                "ix": 6
              },
              "o": {
                "a": 0,
                "k": 100,
                "ix": 7
              },
              "sk": {
                "a": 0,
                "k": 0,
                "ix": 4
              },
              "sa": {
                "a": 0,
                "k": 0,
                "ix": 5
              },
              "nm": "Transform"
            }
          ],
          "nm": "Group 1",
          "np": 5,
          "cix": 2,
          "bm": 0,
          "ix": 1,
          "mn": "ADBE Vector Group",
          "hd": false
        }
      ],
      "ip": 0,
      "op": 720,
      "st": 0,
      "bm": 0
    }
  ],
  "markers": []
}