{"v":"5.7.1","fr":60,"ip":0,"op":301,"w":161,"h":42,"nm":"Custom Size – 1","ddd":0,"assets":[],"fonts":{"list":[{"fName":"ProductSans-Regular","fFamily":"Product Sans","fStyle":"Regular","ascent":71.5988159179688}]},"layers":[{"ddd":0,"ind":1,"ty":5,"nm":"OFF DUTY 2","sr":1,"ks":{"o":{"a":0,"k":100,"ix":11},"r":{"a":0,"k":0,"ix":10},"p":{"a":0,"k":[21,28,0],"ix":2},"a":{"a":0,"k":[0,0,0],"ix":1},"s":{"a":0,"k":[100,100,100],"ix":6}},"ao":0,"t":{"d":{"k":[{"s":{"s":18,"f":"ProductSans-Regular","t":"OFF DUTY","j":0,"tr":0,"lh":21.6,"ls":0,"fc":[0.42,0.42,0.42]},"t":0}]},"p":{},"m":{"g":1,"a":{"a":0,"k":[0,0],"ix":2}},"a":[{"nm":"Animators","s":{"t":0,"xe":{"k":0},"ne":{"k":0},"a":{"k":100},"b":1,"sh":0,"s":{"k":0},"e":{"k":100},"o":{"k":0}},"a":{"fo":{"a":0,"k":100,"ix":10},"so":{"a":0,"k":100,"ix":11}}}]},"ip":190,"op":301,"st":150,"bm":0},{"ddd":0,"ind":2,"ty":5,"nm":"ON DUTY","sr":1,"ks":{"o":{"a":0,"k":100,"ix":11},"r":{"a":0,"k":0,"ix":10},"p":{"a":0,"k":[21,28,0],"ix":2},"a":{"a":0,"k":[0,0,0],"ix":1},"s":{"a":0,"k":[100,100,100],"ix":6}},"ao":0,"t":{"d":{"k":[{"s":{"s":18,"f":"ProductSans-Regular","t":"ON DUTY","j":0,"tr":0,"lh":21.6,"ls":0,"fc":[0.141,0.651,0.396]},"t":0}]},"p":{},"m":{"g":1,"a":{"a":0,"k":[0,0],"ix":2}},"a":[{"nm":"Animators","s":{"t":0,"xe":{"k":0},"ne":{"k":0},"a":{"k":100},"b":1,"sh":0,"s":{"k":0},"e":{"k":100},"o":{"k":0}},"a":{"fo":{"a":0,"k":100,"ix":10},"so":{"a":0,"k":100,"ix":11}}}]},"ip":40,"op":190,"st":40,"bm":0},{"ddd":0,"ind":3,"ty":5,"nm":"OFF DUTY","sr":1,"ks":{"o":{"a":0,"k":100,"ix":11},"r":{"a":0,"k":0,"ix":10},"p":{"a":0,"k":[21,28,0],"ix":2},"a":{"a":0,"k":[0,0,0],"ix":1},"s":{"a":0,"k":[100,100,100],"ix":6}},"ao":0,"t":{"d":{"k":[{"s":{"s":18,"f":"ProductSans-Regular","t":"OFF DUTY","j":0,"tr":0,"lh":21.6,"ls":0,"fc":[0.42,0.42,0.42]},"t":0}]},"p":{},"m":{"g":1,"a":{"a":0,"k":[0,0],"ix":2}},"a":[{"nm":"Animators","s":{"t":0,"xe":{"k":0},"ne":{"k":0},"a":{"k":100},"b":1,"sh":0,"s":{"k":0},"e":{"k":100},"o":{"k":0}},"a":{"fo":{"a":0,"k":100,"ix":10},"so":{"a":0,"k":100,"ix":11}}}]},"ip":0,"op":41,"st":-40,"bm":0},{"ddd":0,"ind":4,"ty":4,"nm":"Path 3","sr":1,"ks":{"o":{"a":0,"k":100,"ix":11},"r":{"a":0,"k":0,"ix":10},"p":{"a":1,"k":[{"i":{"x":0.833,"y":1},"o":{"x":0.333,"y":0},"t":30,"s":[125,21,0],"to":[2.333,0,0],"ti":[-2.333,0,0]},{"i":{"x":0.833,"y":0.833},"o":{"x":0.167,"y":0.167},"t":50,"s":[139,21,0],"to":[0,0,0],"ti":[0,0,0]},{"i":{"x":0.833,"y":1},"o":{"x":0.167,"y":0},"t":180,"s":[139,21,0],"to":[-2.333,0,0],"ti":[2.333,0,0]},{"t":200,"s":[125,21,0]}],"ix":2},"a":{"a":0,"k":[10,10,0],"ix":1},"s":{"a":0,"k":[100,100,100],"ix":6}},"ao":0,"ef":[{"ty":25,"nm":"Drop Shadow","np":8,"mn":"ADBE Drop Shadow","ix":1,"en":1,"ef":[{"ty":2,"nm":"Shadow Color","mn":"ADBE Drop Shadow-0001","ix":1,"v":{"a":0,"k":[0,0,0,1],"ix":1}},{"ty":0,"nm":"Opacity","mn":"ADBE Drop Shadow-0002","ix":2,"v":{"a":0,"k":56,"ix":2}},{"ty":0,"nm":"Direction","mn":"ADBE Drop Shadow-0003","ix":3,"v":{"a":0,"k":180,"ix":3}},{"ty":0,"nm":"Distance","mn":"ADBE Drop Shadow-0004","ix":4,"v":{"a":0,"k":1,"ix":4}},{"ty":0,"nm":"Softness","mn":"ADBE Drop Shadow-0005","ix":5,"v":{"a":0,"k":1,"ix":5}},{"ty":7,"nm":"Shadow Only","mn":"ADBE Drop Shadow-0006","ix":6,"v":{"a":0,"k":0,"ix":6}}]}],"shapes":[{"ty":"gr","it":[{"ind":0,"ty":"sh","ix":1,"ks":{"a":0,"k":{"i":[[-5.523,0],[0,5.523],[5.523,0],[0,-5.523]],"o":[[5.523,0],[0,-5.523],[-5.523,0],[0,5.523]],"v":[[10,20],[20,10],[10,0],[0,10]],"c":true},"ix":2},"nm":"Path 1","mn":"ADBE Vector Shape - Group","hd":false},{"ty":"st","c":{"a":1,"k":[{"i":{"x":[0.667],"y":[1]},"o":{"x":[0.333],"y":[0]},"t":30,"s":[0.827450990677,0.827450990677,0.827450990677,1]},{"i":{"x":[0.667],"y":[1]},"o":{"x":[0.333],"y":[0]},"t":50,"s":[0.156862745098,0.666666666667,0.411764705882,1]},{"i":{"x":[0.667],"y":[1]},"o":{"x":[0.167],"y":[0]},"t":180,"s":[0.156862745098,0.666666666667,0.411764705882,1]},{"t":200,"s":[0.827450990677,0.827450990677,0.827450990677,1]}],"ix":3},"o":{"a":0,"k":100,"ix":4},"w":{"a":0,"k":0.5,"ix":5},"lc":1,"lj":1,"ml":4,"bm":0,"nm":"Stroke 1","mn":"ADBE Vector Graphic - Stroke","hd":false},{"ty":"fl","c":{"a":1,"k":[{"i":{"x":[0.667],"y":[1]},"o":{"x":[0.333],"y":[0]},"t":30,"s":[0.92549020052,0.92549020052,0.92549020052,1]},{"i":{"x":[0.667],"y":[1]},"o":{"x":[0.333],"y":[0]},"t":50,"s":[0.141176470588,0.650980392157,0.396078431373,1]},{"i":{"x":[0.667],"y":[1]},"o":{"x":[0.167],"y":[0]},"t":180,"s":[0.141176470588,0.650980392157,0.396078431373,1]},{"t":200,"s":[0.92549020052,0.92549020052,0.92549020052,1]}],"ix":4},"o":{"a":0,"k":100,"ix":5},"r":1,"bm":0,"nm":"Fill 1","mn":"ADBE Vector Graphic - Fill","hd":false},{"ty":"tr","p":{"a":0,"k":[0,0],"ix":2},"a":{"a":0,"k":[0,0],"ix":1},"s":{"a":0,"k":[100,100],"ix":3},"r":{"a":0,"k":0,"ix":6},"o":{"a":0,"k":100,"ix":7},"sk":{"a":0,"k":0,"ix":4},"sa":{"a":0,"k":0,"ix":5},"nm":"Transform"}],"nm":"Path 3","np":3,"cix":2,"bm":0,"ix":1,"mn":"ADBE Vector Group","hd":false}],"ip":0,"op":3600,"st":0,"bm":0},{"ddd":0,"ind":5,"ty":4,"nm":"Path 2","sr":1,"ks":{"o":{"a":0,"k":100,"ix":11},"r":{"a":0,"k":0,"ix":10},"p":{"a":0,"k":[132,21,0],"ix":2},"a":{"a":0,"k":[17,7,0],"ix":1},"s":{"a":0,"k":[100,100,100],"ix":6}},"ao":0,"shapes":[{"ty":"gr","it":[{"ind":0,"ty":"sh","ix":1,"ks":{"a":0,"k":{"i":[[3.9,0],[0,0],[0,3.9],[-3.9,0],[0,0],[0,-3.9]],"o":[[0,0],[-3.9,0],[0,-3.9],[0,0],[3.9,0],[0,3.9]],"v":[[27,14],[7,14],[0,7],[7,0],[27,0],[34,7]],"c":true},"ix":2},"nm":"Path 1","mn":"ADBE Vector Shape - Group","hd":false},{"ty":"fl","c":{"a":1,"k":[{"i":{"x":[0.833],"y":[1]},"o":{"x":[0.333],"y":[0]},"t":30,"s":[0.698039233685,0.698039233685,0.698039233685,1]},{"i":{"x":[0.833],"y":[1]},"o":{"x":[0.167],"y":[0]},"t":50,"s":[0.141176470588,0.650980392157,0.396078431373,1]},{"i":{"x":[0.833],"y":[1]},"o":{"x":[0.167],"y":[0]},"t":180,"s":[0.141176470588,0.650980392157,0.396078431373,1]},{"t":200,"s":[0.698039233685,0.698039233685,0.698039233685,1]}],"ix":4},"o":{"a":1,"k":[{"i":{"x":[0.833],"y":[1]},"o":{"x":[0.333],"y":[0]},"t":30,"s":[100]},{"i":{"x":[0.833],"y":[1]},"o":{"x":[0.167],"y":[0]},"t":50,"s":[20]},{"i":{"x":[0.833],"y":[1]},"o":{"x":[0.167],"y":[0]},"t":180,"s":[20]},{"t":200,"s":[100]}],"ix":5},"r":1,"bm":0,"nm":"Fill 1","mn":"ADBE Vector Graphic - Fill","hd":false},{"ty":"tr","p":{"a":0,"k":[0,0],"ix":2},"a":{"a":0,"k":[0,0],"ix":1},"s":{"a":0,"k":[100,100],"ix":3},"r":{"a":0,"k":0,"ix":6},"o":{"a":0,"k":100,"ix":7},"sk":{"a":0,"k":0,"ix":4},"sa":{"a":0,"k":0,"ix":5},"nm":"Transform"}],"nm":"Path 2","np":3,"cix":2,"bm":0,"ix":1,"mn":"ADBE Vector Group","hd":false}],"ip":0,"op":3600,"st":0,"bm":0},{"ddd":0,"ind":6,"ty":4,"nm":"Rectangle 1","sr":1,"ks":{"o":{"a":0,"k":100,"ix":11},"r":{"a":0,"k":0,"ix":10},"p":{"a":0,"k":[80.5,21,0],"ix":2},"a":{"a":0,"k":[0,0,0],"ix":1},"s":{"a":0,"k":[100,100,100],"ix":6}},"ao":0,"shapes":[{"ty":"gr","it":[{"ty":"rc","d":1,"s":{"a":0,"k":[157,38],"ix":2},"p":{"a":0,"k":[0,0],"ix":3},"r":{"a":0,"k":19,"ix":4},"nm":"Rectangle Path 1","mn":"ADBE Vector Shape - Rect","hd":false},{"ty":"st","c":{"a":1,"k":[{"i":{"x":[0.833],"y":[1]},"o":{"x":[0.333],"y":[0]},"t":30,"s":[0.654901981354,0.635294139385,0.635294139385,1]},{"i":{"x":[0.833],"y":[1]},"o":{"x":[0.167],"y":[0]},"t":50,"s":[0.141176470588,0.650980392157,0.396078431373,1]},{"i":{"x":[0.833],"y":[1]},"o":{"x":[0.167],"y":[0]},"t":180,"s":[0.141176470588,0.650980392157,0.396078431373,1]},{"t":200,"s":[0.654901981354,0.635294139385,0.635294139385,1]}],"ix":3},"o":{"a":0,"k":100,"ix":4},"w":{"a":0,"k":1,"ix":5},"lc":1,"lj":1,"ml":4,"bm":0,"nm":"Stroke 1","mn":"ADBE Vector Graphic - Stroke","hd":false},{"ty":"fl","c":{"a":0,"k":[1,1,1,1],"ix":4},"o":{"a":0,"k":100,"ix":5},"r":1,"bm":0,"nm":"Fill 1","mn":"ADBE Vector Graphic - Fill","hd":false},{"ty":"tr","p":{"a":0,"k":[0,0],"ix":2},"a":{"a":0,"k":[0,0],"ix":1},"s":{"a":0,"k":[100,100],"ix":3},"r":{"a":0,"k":0,"ix":6},"o":{"a":0,"k":100,"ix":7},"sk":{"a":0,"k":0,"ix":4},"sa":{"a":0,"k":0,"ix":5},"nm":"Transform"}],"nm":"Rectangle 1","np":3,"cix":2,"bm":0,"ix":1,"mn":"ADBE Vector Group","hd":false}],"ip":0,"op":3600,"st":0,"bm":0}],"markers":[],"chars":[{"ch":"O","size":18,"style":"Regular","w":80,"data":{"shapes":[{"ty":"gr","it":[{"ind":0,"ty":"sh","ix":1,"ks":{"a":0,"k":{"i":[[7.066,7.134],[10.4,0],[7.066,-7.2],[0,-10.6],[-7.067,-7.133],[-10.4,0],[-7.134,7.2],[0,10.6]],"o":[[-7.067,-7.266],[-10.4,0],[-7.067,7.134],[0,10.6],[7.066,7.2],[10.333,0],[7.066,-7.133],[0,-10.533]],"v":[[66.7,-62.3],[40.5,-73.2],[14.3,-62.4],[3.7,-35.8],[14.3,-9.2],[40.5,1.6],[66.7,-9.2],[77.3,-35.8]],"c":true},"ix":2},"nm":"O","mn":"ADBE Vector Shape - Group","hd":false},{"ind":1,"ty":"sh","ix":2,"ks":{"a":0,"k":{"i":[[-5.2,5.4],[-7.8,0],[-5.2,-5.4],[0,-8.333],[5.266,-5.333],[7.8,0],[5.266,5.4],[0,8.267]],"o":[[5.266,-5.4],[7.8,0],[5.266,5.334],[0,8.334],[-5.2,5.4],[-7.8,0],[-5.2,-5.4],[0,-8.266]],"v":[[20.9,-56.3],[40.5,-64.4],[60,-56.3],[67.9,-35.8],[60,-15.3],[40.5,-7.2],[20.9,-15.3],[13.1,-35.8]],"c":true},"ix":2},"nm":"O","mn":"ADBE Vector Shape - Group","hd":false}],"nm":"O","np":5,"cix":2,"bm":0,"ix":1,"mn":"ADBE Vector Group","hd":false}]},"fFamily":"Product Sans"},{"ch":"F","size":18,"style":"Regular","w":52.2,"data":{"shapes":[{"ty":"gr","it":[{"ind":0,"ty":"sh","ix":1,"ks":{"a":0,"k":{"i":[[0,0],[0,0],[0,0],[0,0],[0,0],[0,0],[0,0],[0,0],[0,0],[0,0]],"o":[[0,0],[0,0],[0,0],[0,0],[0,0],[0,0],[0,0],[0,0],[0,0],[0,0]],"v":[[45.8,-30.7],[45.8,-39.3],[16.4,-39.3],[16.4,-62.8],[49,-62.8],[49,-71.6],[7.2,-71.6],[7.2,0],[16.4,0],[16.4,-30.7]],"c":true},"ix":2},"nm":"F","mn":"ADBE Vector Shape - Group","hd":false}],"nm":"F","np":3,"cix":2,"bm":0,"ix":1,"mn":"ADBE Vector Group","hd":false}]},"fFamily":"Product Sans"},{"ch":" ","size":18,"style":"Regular","w":22,"data":{},"fFamily":"Product Sans"},{"ch":"D","size":18,"style":"Regular","w":69.1,"data":{"shapes":[{"ty":"gr","it":[{"ind":0,"ty":"sh","ix":1,"ks":{"a":0,"k":{"i":[[0,0],[-6.634,6.567],[0,10.734],[6.633,6.6],[10.933,0],[0,0],[0,0]],"o":[[10.933,0],[6.633,-6.566],[0,-10.666],[-6.634,-6.6],[0,0],[0,0],[0,0]],"v":[[29.1,0],[55.45,-9.85],[65.4,-35.8],[55.45,-61.7],[29.1,-71.6],[7.2,-71.6],[7.2,0]],"c":true},"ix":2},"nm":"D","mn":"ADBE Vector Shape - Group","hd":false},{"ind":1,"ty":"sh","ix":2,"ks":{"a":0,"k":{"i":[[0,0],[-4.8,-4.8],[0,-8.4],[4.8,-4.766],[8.333,0],[0,0],[0,0]],"o":[[8.333,0],[4.8,4.8],[0,8.467],[-4.8,4.767],[0,0],[0,0],[0,0]],"v":[[29.1,-62.8],[48.8,-55.6],[56,-35.8],[48.8,-15.95],[29.1,-8.8],[16.4,-8.8],[16.4,-62.8]],"c":true},"ix":2},"nm":"D","mn":"ADBE Vector Shape - Group","hd":false}],"nm":"D","np":5,"cix":2,"bm":0,"ix":1,"mn":"ADBE Vector Group","hd":false}]},"fFamily":"Product Sans"},{"ch":"U","size":18,"style":"Regular","w":64.2,"data":{"shapes":[{"ty":"gr","it":[{"ind":0,"ty":"sh","ix":1,"ks":{"a":0,"k":{"i":[[-4.8,5.067],[0,8.667],[0,0],[0,0],[0,0],[3.066,-3.4],[5.4,0],[3.066,3.4],[0,5.867],[0,0],[0,0],[0,0],[-4.867,-5.133],[-7.934,0]],"o":[[4.8,-5.066],[0,0],[0,0],[0,0],[0,5.867],[-3.067,3.4],[-5.4,0],[-3.067,-3.4],[0,0],[0,0],[0,0],[0,8.467],[4.866,5.2],[8.066,0]],"v":[[51.4,-6],[58.6,-26.6],[58.6,-71.6],[49.4,-71.6],[49.4,-26.2],[44.8,-12.3],[32.1,-7.2],[19.4,-12.3],[14.8,-26.2],[14.8,-71.6],[5.6,-71.6],[5.6,-26.6],[12.9,-6.2],[32.1,1.6]],"c":true},"ix":2},"nm":"U","mn":"ADBE Vector Shape - Group","hd":false}],"nm":"U","np":3,"cix":2,"bm":0,"ix":1,"mn":"ADBE Vector Group","hd":false}]},"fFamily":"Product Sans"},{"ch":"T","size":18,"style":"Regular","w":54,"data":{"shapes":[{"ty":"gr","it":[{"ind":0,"ty":"sh","ix":1,"ks":{"a":0,"k":{"i":[[0,0],[0,0],[0,0],[0,0],[0,0],[0,0],[0,0],[0,0]],"o":[[0,0],[0,0],[0,0],[0,0],[0,0],[0,0],[0,0],[0,0]],"v":[[51.6,-62.8],[51.6,-71.6],[2.4,-71.6],[2.4,-62.8],[22.4,-62.8],[22.4,0],[31.6,0],[31.6,-62.8]],"c":true},"ix":2},"nm":"T","mn":"ADBE Vector Shape - Group","hd":false}],"nm":"T","np":3,"cix":2,"bm":0,"ix":1,"mn":"ADBE Vector Group","hd":false}]},"fFamily":"Product Sans"},{"ch":"Y","size":18,"style":"Regular","w":59.4,"data":{"shapes":[{"ty":"gr","it":[{"ind":0,"ty":"sh","ix":1,"ks":{"a":0,"k":{"i":[[0,0],[0,0],[0,0],[0,0],[0,0],[0,0],[0,0],[0,0],[0,0],[0,0]],"o":[[0,0],[0,0],[0,0],[0,0],[0,0],[0,0],[0,0],[0,0],[0,0],[0,0]],"v":[[58.2,-71.6],[47.4,-71.6],[30.1,-42.5],[29.7,-42.5],[12,-71.6],[1.2,-71.6],[25.3,-33.3],[25.3,0],[34.5,0],[34.5,-33.3]],"c":true},"ix":2},"nm":"Y","mn":"ADBE Vector Shape - Group","hd":false}],"nm":"Y","np":3,"cix":2,"bm":0,"ix":1,"mn":"ADBE Vector Group","hd":false}]},"fFamily":"Product Sans"},{"ch":"N","size":18,"style":"Regular","w":69.6,"data":{"shapes":[{"ty":"gr","it":[{"ind":0,"ty":"sh","ix":1,"ks":{"a":0,"k":{"i":[[0,0],[0,0],[0,0],[0,0],[0,0],[0,0],[0,0],[0,0],[0,0],[0,0],[0,0],[0,0],[0,0],[0,0]],"o":[[0,0],[0,0],[0,0],[0,0],[0,0],[0,0],[0,0],[0,0],[0,0],[0,0],[0,0],[0,0],[0,0],[0,0]],"v":[[16.4,-44.6],[16,-58.4],[16.4,-58.4],[52.8,0],[62.4,0],[62.4,-71.6],[53.2,-71.6],[53.2,-29.7],[53.6,-15.9],[53.2,-15.9],[18.4,-71.6],[7.2,-71.6],[7.2,0],[16.4,0]],"c":true},"ix":2},"nm":"N","mn":"ADBE Vector Shape - Group","hd":false}],"nm":"N","np":3,"cix":2,"bm":0,"ix":1,"mn":"ADBE Vector Group","hd":false}]},"fFamily":"Product Sans"}]}