{
  "base":
  {
    "neutral:black": "#000000",
    "neutral:white": "#FFFFFF",
    "brand:primaryA": "#FFCA20",
    "brand:primaryB": "#1E4B82",
    "gray:50": "#F6F7F9",
    "gray:100": "#ECEEF2",
    "gray:200": "#E0E3E6",
    "gray:400": "#AEB6C3",
    "gray:500": "#7D899B",
    "gray:600": "#5C6675",
    "gray:700": "#394454",
    "gray:800": "#253041",
    "gray:900": "#1A202A",
    "red:50": "#FFF2F1",
    "red:400": "#C42925"
  },
  "semantic":
  {
    "surface:appBackground:light": "gray:50",
    "surface:brand:primaryA": "brand:primaryA",
    "surface:brand:primaryB": "brand:primaryB",
    "surface:neutral:black": "neutral:black",
    "surface:neutral:white": "neutral:white",
    "surface:neutral:dark": "gray:700",
    "surface:neutral:medium": "gray:400",
    "surface:neutral:light": "gray:100",
    "surface:error:dark": "red:50",
    "surface:error:light": "red:400"
  }
}