{
  "apkFileName": "Rapido Captain_v5.41.0(513)_src.apk",
  "PackageInfo": {
    "forcedPackageId": "127",
    "renameManifestPackage": null
  },
  "doNotCompress": [
    "classes.dex",
    "classes10.dex",
    "classes11.dex",
    "classes12.dex",
    "classes13.dex",
    "classes14.dex",
    "classes2.dex",
    "classes3.dex",
    "classes4.dex",
    "classes5.dex",
    "classes6.dex",
    "classes7.dex",
    "classes8.dex",
    "classes9.dex",
    "resources.arsc",
    "META-INF/services/io.ktor.serialization.kotlinx.bcmf",
    "assets/com/appsflyer/internal/6c569800f64c1172b-",
    "assets/com/appsflyer/internal/87a092dbb25d2f03a-",
    "assets/com/appsflyer/internal/a5722605473d1712d-",
    "assets/com/appsflyer/internal/fd7af3eb707a7585c-",
    "assets/dexopt/baseline.prof",
    "assets/dexopt/baseline.profm",
    "mp3",
    "webp",
    "png",
    "jpg",
    "res/raw/amount_credit_confetti.lottie",
    "res/raw/best_performance_nudge_anim.lottie",
    "res/raw/coin_ftux.lottie",
    "res/raw/coin_ingress.lottie",
    "res/raw/com_google_android_libraries_mapsplatform_transportation_driver_registration_info.binarypb",
    "res/raw/confetti_anim.lottie",
    "ogg",
    "res/raw/lottie_english_byob.lottie",
    "res/raw/on_duty_dotlottie.lottie",
    "res/raw/ride_end_confetti_animation.lottie",
    "lib/arm64-v8a/libandroidx.graphics.path.so",
    "lib/arm64-v8a/libgmm-jni.so",
    "lib/arm64-v8a/libimage_processing_util_jni.so",
    "lib/arm64-v8a/libmappls-gl.so",
    "lib/arm64-v8a/libmappls-lms-native-lib.so",
    "lib/arm64-v8a/librest-apis-native-lib.so",
    "lib/arm64-v8a/libsecrets.so",
    "lib/arm64-v8a/libsqliteJni.so",
    "lib/arm64-v8a/libsurface_util_jni.so",
    "lib/arm64-v8a/libtool-checker.so"
  ],
  "compressionType": false,
  "sparseResources": false,
  "version": "2.4.0-250627",
  "sharedLibrary": false,
  "VersionInfo": {
    "versionName": "5.41.0",
    "versionCode": "513"
  },
  "UsesFramework": {
    "ids": [1],
    "tag": null
  },
  "unknownFiles": {
    "org/joda/time/tz/data/Europe/Dublin": "8",
    "org/joda/time/tz/data/America/Pangnirtung": "8",
    "org/joda/time/tz/data/Europe/Simferopol": "8",
    "org/joda/time/tz/data/Pacific/Niue": "8",
    "org/joda/time/tz/data/Africa/Ndjamena": "8",
    "META-INF/rapido-design-system_release.kotlin_module": "8",
    "META-INF/coil-compose-singleton_release.kotlin_module": "8",
    "org/joda/time/tz/data/Pacific/Apia": "8",
    "META-INF/androidx.navigation_navigation-fragment.version": "0",
    "META-INF/com.google.firebase-firebase-storage.kotlin_module": "8",
    "META-INF/koin-core.kotlin_module": "8",
    "org/joda/time/tz/data/America/Cancun": "8",
    "recaptcha.properties": "8",
    "META-INF/splash_productionRelease.kotlin_module": "8",
    "META-INF/androidx.camera_camera-video.version": "0",
    "org/joda/time/tz/data/Africa/Maputo": "8",
    "org/joda/time/tz/data/Antarctica/DumontDUrville": "8",
    "org/joda/time/tz/data/Asia/Kabul": "8",
    "org/joda/time/tz/data/America/Goose_Bay": "8",
    "META-INF/androidx.camera_camera-camera2.version": "0",
    "META-INF/notifications_productionRelease.kotlin_module": "8",
    "org/joda/time/tz/data/Africa/Luanda": "8",
    "META-INF/coil-base_release.kotlin_module": "8",
    "org/joda/time/tz/data/Pacific/Wake": "8",
    "META-INF/androidx.paging_paging-rxjava2.version": "0",
    "META-INF/lifecycle-viewmodel-savedstate_release.kotlin_module": "8",
    "org/joda/time/tz/data/Asia/Macau": "8",
    "org/joda/time/tz/data/Asia/Yakutsk": "8",
    "META-INF/androidx.compose.foundation_foundation-layout.version": "0",
    "META-INF/androidx.core_core-viewtree.version": "0",
    "META-INF/androidx.customview_customview.version": "0",
    "org/joda/time/tz/data/Australia/Eucla": "8",
    "META-INF/upi_productionRelease.kotlin_module": "8",
    "org/joda/time/tz/data/America/Curacao": "8",
    "org/joda/time/tz/data/America/Argentina/Catamarca": "8",
    "org/joda/time/tz/data/America/Campo_Grande": "8",
    "META-INF/androidx/lifecycle/lifecycle-common-java8/LICENSE.txt": "8",
    "META-INF/androidx.room_room-runtime.version": "0",
    "org/joda/time/tz/data/Asia/Irkutsk": "8",
    "play-services-places-placereport.properties": "8",
    "org/joda/time/tz/data/America/Guyana": "8",
    "META-INF/androidx.camera_camera-lifecycle.version": "0",
    "META-INF/ktor-http.kotlin_module": "8",
    "org/joda/time/tz/data/America/Argentina/La_Rioja": "8",
    "META-INF/subscriptions_productionRelease.kotlin_module": "8",
    "org/joda/time/tz/data/Atlantic/Faroe": "8",
    "play-services-wallet.properties": "8",
    "org/joda/time/tz/data/America/Nipigon": "8",
    "org/joda/time/tz/data/Asia/Magadan": "8",
    "META-INF/okio.kotlin_module": "8",
    "META-INF/order-core_productionRelease.kotlin_module": "8",
    "META-INF/androidx.browser_browser.version": "0",
    "play-services-base.properties": "8",
    "org/joda/time/tz/data/Pacific/Kiritimati": "8",
    "META-INF/java.com.google.android.gmscore.integ.client.measurement_api_measurement_api.kotlin_module": "8",
    "META-INF/androidx.legacy_legacy-support-core-ui.version": "0",
    "org/joda/time/tz/data/Australia/Melbourne": "8",
    "org/joda/time/tz/data/America/Guayaquil": "8",
    "org/joda/time/tz/data/America/Los_Angeles": "8",
    "META-INF/lifecycle-viewmodel-compose_release.kotlin_module": "8",
    "META-INF/com.google.android.material_material.version": "0",
    "META-INF/androidx/collection/collection-ktx/LICENSE.txt": "8",
    "META-INF/androidx.savedstate_savedstate-ktx.version": "0",
    "org/joda/time/tz/data/America/Guadeloupe": "8",
    "org/joda/time/format/messages_es.properties": "8",
    "org/joda/time/format/messages_cs.properties": "8",
    "org/joda/time/tz/data/Asia/Qyzylorda": "8",
    "org/joda/time/tz/data/Africa/Brazzaville": "8",
    "META-INF/androidx.compose.ui_ui-util.version": "0",
    "org/joda/time/tz/data/Europe/Minsk": "8",
    "org/joda/time/tz/data/Asia/Aden": "8",
    "play-services-measurement-base.properties": "8",
    "META-INF/androidx.activity_activity-ktx.version": "0",
    "META-INF/androidx.work_work-runtime-ktx.version": "0",
    "androidsupportmultidexversion.txt": "0",
    "META-INF/androidx.security_security-crypto-ktx.version": "0",
    "org/joda/time/tz/data/America/Fortaleza": "8",
    "org/joda/time/tz/data/Europe/Vienna": "8",
    "org/joda/time/tz/data/Europe/Sofia": "8",
    "org/joda/time/tz/data/Europe/San_Marino": "8",
    "META-INF/runtime_release.kotlin_module": "8",
    "org/joda/time/tz/data/America/Aruba": "8",
    "org/joda/time/tz/data/Arctic/Longyearbyen": "8",
    "META-INF/kotlinx_coroutines_play_services.version": "0",
    "META-INF/serviceexcellence_productionRelease.kotlin_module": "8",
    "org/joda/time/tz/data/America/Fort_Nelson": "8",
    "messaging_event.proto": "8",
    "org/joda/time/tz/data/America/Lower_Princes": "8",
    "org/joda/time/tz/data/America/St_Barthelemy": "8",
    "org/joda/time/tz/data/Africa/Casablanca": "8",
    "META-INF/ktor-network-tls.kotlin_module": "8",
    "firebase-measurement-connector.properties": "8",
    "META-INF/com.google.firebase-firebase-database-ktx.kotlin_module": "8",
    "META-INF/room-runtime_release.kotlin_module": "8",
    "META-INF/com.google.firebase-firebase-dynamic-links.kotlin_module": "8",
    "META-INF/androidx.slidingpanelayout_slidingpanelayout.version": "0",
    "org/joda/time/tz/data/EST": "0",
    "org/joda/time/tz/data/Europe/Sarajevo": "8",
    "META-INF/kotlin-stdlib.kotlin_module": "8",
    "play-services-auth-api-phone.properties": "8",
    "org/joda/time/tz/data/America/Marigot": "8",
    "META-INF/androidx.dynamicanimation_dynamicanimation.version": "0",
    "org/joda/time/tz/data/Africa/Dar_es_Salaam": "8",
    "org/joda/time/tz/data/Pacific/Pohnpei": "8",
    "META-INF/acquisition_productionRelease.kotlin_module": "8",
    "META-INF/androidx.exifinterface_exifinterface.version": "0",
    "org/joda/time/tz/data/Pacific/Honolulu": "8",
    "META-INF/dataproviders_productionRelease.kotlin_module": "8",
    "org/joda/time/tz/data/Europe/Berlin": "8",
    "org/joda/time/tz/data/America/St_Johns": "8",
    "org/joda/time/tz/data/Pacific/Majuro": "8",
    "org/joda/time/tz/data/Europe/Zagreb": "8",
    "META-INF/androidx.autofill_autofill.version": "0",
    "META-INF/ktor-client-android.kotlin_module": "8",
    "org/joda/time/tz/data/Atlantic/Reykjavik": "8",
    "META-INF/animation-core_release.kotlin_module": "8",
    "org/apache/fontbox/resources/cmap/Identity-H": "8",
    "org/joda/time/tz/data/Indian/Kerguelen": "8",
    "META-INF/moshi.kotlin_module": "8",
    "META-INF/preferred-area_productionRelease.kotlin_module": "8",
    "org/joda/time/tz/data/Asia/Yerevan": "8",
    "META-INF/core_release.kotlin_module": "8",
    "org/joda/time/tz/data/Asia/Riyadh": "8",
    "META-INF/app_productionRelease.kotlin_module": "8",
    "META-INF/device-info_productionRelease.kotlin_module": "8",
    "org/joda/time/tz/data/Pacific/Fakaofo": "8",
    "META-INF/ui-util_release.kotlin_module": "8",
    "org/joda/time/tz/data/America/Halifax": "8",
    "META-INF/balloon-compose_release.kotlin_module": "8",
    "META-INF/kotlinx_coroutines_rx2.version": "0",
    "play-services-flags.properties": "8",
    "META-INF/third_party.java_src.okio_okio-jvm.kotlin_module": "8",
    "org/joda/time/tz/data/America/Tegucigalpa": "8",
    "org/joda/time/tz/data/Atlantic/St_Helena": "8",
    "org/joda/time/tz/data/Australia/Darwin": "8",
    "org/joda/time/tz/data/Europe/Prague": "8",
    "org/joda/time/tz/data/CET": "8",
    "google/protobuf/empty.proto": "8",
    "org/joda/time/tz/data/Antarctica/Davis": "8",
    "org/joda/time/tz/data/Etc/GMT-14": "0",
    "META-INF/profile_productionRelease.kotlin_module": "8",
    "org/joda/time/tz/data/Etc/GMT-13": "0",
    "org/joda/time/tz/data/Etc/GMT-12": "0",
    "org/joda/time/tz/data/Etc/GMT-11": "0",
    "play-services-fido.properties": "8",
    "org/joda/time/tz/data/Etc/GMT-10": "0",
    "org/joda/time/format/messages_nl.properties": "8",
    "org/joda/time/tz/data/America/Merida": "8",
    "org/joda/time/tz/data/Europe/Copenhagen": "8",
    "META-INF/androidx.compose.ui_ui-text.version": "0",
    "META-INF/ktor-serialization.kotlin_module": "8",
    "play-services-clearcut.properties": "8",
    "org/joda/time/tz/data/Asia/Sakhalin": "8",
    "org/joda/time/tz/data/Pacific/Norfolk": "8",
    "META-INF/androidx.lifecycle_lifecycle-extensions.version": "0",
    "org/joda/time/tz/data/America/Glace_Bay": "8",
    "org/joda/time/tz/data/America/North_Dakota/Beulah": "8",
    "org/joda/time/tz/data/Pacific/Efate": "8",
    "org/joda/time/tz/data/America/Edmonton": "8",
    "META-INF/com.google.firebase-firebase-crashlytics.kotlin_module": "8",
    "org/joda/time/tz/data/Asia/Dushanbe": "8",
    "org/joda/time/tz/data/Asia/Ulaanbaatar": "8",
    "org/joda/time/tz/data/Indian/Chagos": "8",
    "org/joda/time/tz/data/Asia/Dubai": "8",
    "org/joda/time/tz/data/Pacific/Nauru": "8",
    "META-INF/lottie-compose_release.kotlin_module": "8",
    "org/joda/time/tz/data/Asia/Almaty": "8",
    "org/joda/time/tz/data/Europe/Astrakhan": "8",
    "META-INF/androidx.compose.material_material-ripple.version": "0",
    "org/joda/time/tz/data/America/Boise": "8",
    "org/joda/time/tz/data/America/Argentina/Mendoza": "8",
    "org/joda/time/tz/data/America/Santiago": "8",
    "play-services-ads-identifier.properties": "8",
    "org/joda/time/tz/data/America/Adak": "8",
    "org/joda/time/tz/data/Pacific/Kanton": "8",
    "META-INF/androidx.legacy_legacy-support-v4.version": "0",
    "org/joda/time/tz/data/Asia/Yekaterinburg": "8",
    "org/joda/time/tz/data/Atlantic/South_Georgia": "8",
    "org/joda/time/tz/data/Europe/Volgograd": "8",
    "org/joda/time/tz/data/America/Monterrey": "8",
    "META-INF/navigation-compose_release.kotlin_module": "8",
    "org/joda/time/tz/data/Asia/Tbilisi": "8",
    "org/joda/time/tz/data/Asia/Beirut": "8",
    "META-INF/androidx.versionedparcelable_versionedparcelable.version": "0",
    "META-INF/hyperkyc_release.kotlin_module": "8",
    "META-INF/chatandroid_release.kotlin_module": "8",
    "META-INF/orbit-viewmodel_release.kotlin_module": "8",
    "META-INF/androidx.emoji2_emoji2-views.version": "0",
    "org/joda/time/tz/data/Africa/Gaborone": "8",
    "org/joda/time/tz/data/America/Kentucky/Louisville": "8",
    "org/joda/time/tz/data/Pacific/Noumea": "8",
    "META-INF/androidx.databinding_databindingKtx.version": "0",
    "org/joda/time/tz/data/EST5EDT": "8",
    "app-update.properties": "8",
    "META-INF/androidx.window.extensions.core_core.version": "0",
    "META-INF/ui_release.kotlin_module": "8",
    "org/joda/time/tz/data/Europe/Kirov": "8",
    "org/joda/time/tz/data/America/Montserrat": "8",
    "org/joda/time/tz/data/Etc/GMT+12": "0",
    "org/joda/time/tz/data/Etc/GMT+11": "0",
    "org/joda/time/tz/data/Etc/GMT+10": "0",
    "META-INF/post-order_productionRelease.kotlin_module": "8",
    "common.properties": "8",
    "org/joda/time/tz/data/America/Tijuana": "8",
    "META-INF/navigation-fragment_release.kotlin_module": "8",
    "META-INF/androidx/constraintlayout/constraintlayout-core/LICENSE.txt": "8",
    "META-INF/pre-order_productionRelease.kotlin_module": "8",
    "org/joda/time/tz/data/Australia/Broken_Hill": "8",
    "org/joda/time/tz/data/America/Chihuahua": "8",
    "META-INF/ktor-websockets.kotlin_module": "8",
    "org/joda/time/tz/data/Asia/Amman": "8",
    "META-INF/androidx.sqlite_sqlite-bundled.version": "0",
    "META-INF/ctnativedisplay_productionRelease.kotlin_module": "8",
    "META-INF/androidx.lifecycle_lifecycle-livedata-ktx.version": "0",
    "org/joda/time/tz/data/America/Iqaluit": "8",
    "META-INF/androidx.compose.ui_ui-tooling-preview.version": "0",
    "org/joda/time/tz/data/America/Puerto_Rico": "8",
    "org/joda/time/tz/data/America/Yellowknife": "8",
    "org/joda/time/tz/data/Europe/Bucharest": "8",
    "META-INF/java.com.google.android.libraries.firebase.firebase_analytics_ktx_granule.kotlin_module": "8",
    "org/joda/time/tz/data/Africa/Tunis": "8",
    "org/joda/time/tz/data/Asia/Vientiane": "8",
    "org/joda/time/tz/data/Europe/Brussels": "8",
    "org/joda/time/tz/data/Pacific/Tarawa": "8",
    "META-INF/native-image/io.sentry/sentry/native-image.properties": "0",
    "org/joda/time/tz/data/Pacific/Saipan": "8",
    "org/joda/time/tz/data/Europe/Chisinau": "8",
    "META-INF/androidx.preference_preference.version": "0",
    "org/joda/time/tz/data/Europe/Bratislava": "8",
    "META-INF/kotlinx-serialization-json.kotlin_module": "8",
    "org/joda/time/tz/data/Atlantic/Bermuda": "8",
    "org/joda/time/tz/data/America/St_Kitts": "8",
    "META-INF/compose-destinations-animations_release.kotlin_module": "8",
    "org/joda/time/tz/data/Asia/Istanbul": "8",
    "org/joda/time/tz/data/Asia/Kamchatka": "8",
    "org/joda/time/tz/data/Europe/Oslo": "8",
    "org/joda/time/tz/data/Australia/Sydney": "8",
    "org/joda/time/tz/data/America/Dominica": "8",
    "google/protobuf/field_mask.proto": "8",
    "org/joda/time/tz/data/Australia/Adelaide": "8",
    "org/joda/time/tz/data/Europe/Belgrade": "8",
    "org/joda/time/tz/data/Africa/Conakry": "8",
    "org/joda/time/tz/data/Atlantic/Stanley": "8",
    "org/joda/time/tz/data/America/Rainy_River": "8",
    "org/joda/time/tz/data/Pacific/Wallis": "8",
    "org/joda/time/tz/data/America/Denver": "8",
    "org/joda/time/tz/data/America/Recife": "8",
    "org/joda/time/tz/data/America/Whitehorse": "8",
    "META-INF/retrofit.kotlin_module": "8",
    "META-INF/foundation_release.kotlin_module": "8",
    "META-INF/atomicfu.kotlin_module": "8",
    "org/joda/time/tz/data/Pacific/Funafuti": "8",
    "ANTISPLIT_BY_APKTOOL_M.txt": "8",
    "META-INF/androidx.navigation_navigation-ui.version": "0",
    "org/joda/time/tz/data/Pacific/Tongatapu": "8",
    "org/joda/time/format/messages_it.properties": "8",
    "org/joda/time/tz/data/Europe/Malta": "8",
    "org/joda/time/tz/data/America/Argentina/Jujuy": "8",
    "META-INF/core-ktx_release.kotlin_module": "8",
    "META-INF/androidx.lifecycle_lifecycle-runtime.version": "0",
    "META-INF/androidx.compose.ui_ui-viewbinding.version": "0",
    "org/joda/time/tz/data/Asia/Thimphu": "8",
    "META-INF/earnings_productionRelease.kotlin_module": "8",
    "play-services-measurement-sdk-api.properties": "8",
    "org/joda/time/tz/data/America/Araguaina": "8",
    "org/joda/time/tz/data/Asia/Manila": "8",
    "org/joda/time/tz/data/Pacific/Easter": "8",
    "org/joda/time/tz/data/America/North_Dakota/New_Salem": "8",
    "META-INF/odrd_productionRelease.kotlin_module": "8",
    "org/joda/time/tz/data/PST8PDT": "8",
    "org/joda/time/tz/data/Antarctica/Troll": "8",
    "org/joda/time/format/messages_da.properties": "8",
    "org/joda/time/tz/data/America/Bahia_Banderas": "8",
    "org/joda/time/tz/data/Pacific/Bougainville": "8",
    "META-INF/androidx.compose.ui_ui-graphics.version": "0",
    "google/protobuf/wrappers.proto": "8",
    "META-INF/androidx.credentials_credentials.version": "0",
    "org/joda/time/tz/data/Atlantic/Madeira": "8",
    "META-INF/courier-core.kotlin_module": "8",
    "org/joda/time/tz/data/Atlantic/Cape_Verde": "8",
    "org/joda/time/tz/data/America/Martinique": "8",
    "org/joda/time/format/messages_ja.properties": "8",
    "org/joda/time/tz/data/Asia/Nicosia": "8",
    "org/joda/time/tz/data/Asia/Ust-Nera": "8",
    "META-INF/okhttp-logging-interceptor.kotlin_module": "8",
    "org/joda/time/tz/data/Asia/Kuala_Lumpur": "8",
    "org/joda/time/tz/data/Europe/Stockholm": "8",
    "org/joda/time/format/messages_no.properties": "8",
    "org/joda/time/tz/data/America/Indiana/Vevay": "8",
    "META-INF/androidx.room_room-ktx.version": "0",
    "com/clevertap/android/sdk/certificates/AmazonRootCA1.cer": "8",
    "org/joda/time/tz/data/Indian/Cocos": "8",
    "org/joda/time/tz/data/America/Creston": "8",
    "org/joda/time/tz/data/Asia/Choibalsan": "8",
    "org/joda/time/tz/data/Asia/Baku": "8",
    "org/joda/time/tz/data/Atlantic/Canary": "8",
    "org/joda/time/tz/data/Australia/Lord_Howe": "8",
    "org/joda/time/tz/data/Asia/Hovd": "8",
    "org/joda/time/tz/data/America/Dawson": "8",
    "org/joda/time/tz/data/Africa/Freetown": "8",
    "org/joda/time/tz/data/Atlantic/Azores": "8",
    "org/joda/time/tz/data/Europe/Amsterdam": "8",
    "META-INF/kotlinx-datetime.kotlin_module": "8",
    "META-INF/ktor-client-cio.kotlin_module": "8",
    "META-INF/com.google.firebase-firebase-messaging.kotlin_module": "8",
    "META-INF/material3_release.kotlin_module": "8",
    "META-INF/androidx.databinding_library.version": "0",
    "org/joda/time/tz/data/America/Mazatlan": "8",
    "META-INF/androidx.datastore_datastore-preferences.version": "0",
    "DebugProbesKt.bin": "8",
    "core-common.properties": "8",
    "org/joda/time/tz/data/Asia/Samarkand": "8",
    "META-INF/lifecycle-livedata_release.kotlin_module": "8",
    "org/joda/time/tz/data/America/Argentina/San_Juan": "8",
    "META-INF/courier_release.kotlin_module": "8",
    "META-INF/hyperlogger_release.kotlin_module": "8",
    "META-INF/fragment-ktx_release.kotlin_module": "8",
    "org/joda/time/tz/data/America/Juneau": "8",
    "org/joda/time/tz/data/EET": "8",
    "META-INF/comp-intel_productionRelease.kotlin_module": "8",
    "org/joda/time/tz/data/Africa/Juba": "8",
    "META-INF/runtime-saveable_release.kotlin_module": "8",
    "org/joda/time/tz/data/Africa/Sao_Tome": "8",
    "META-INF/com.google.firebase-firebase-perf.kotlin_module": "8",
    "META-INF/androidx.appcompat_appcompat-resources.version": "0",
    "org/joda/time/format/messages_tr.properties": "8",
    "META-INF/lifecycle-livedata-core_release.kotlin_module": "8",
    "org/joda/time/tz/data/America/Inuvik": "8",
    "org/joda/time/tz/data/Asia/Jayapura": "8",
    "META-INF/paging-common_release.kotlin_module": "8",
    "org/joda/time/tz/data/America/St_Vincent": "8",
    "org/joda/time/tz/data/Africa/Ceuta": "8",
    "org/joda/time/tz/data/Africa/Djibouti": "8",
    "org/joda/time/tz/data/Pacific/Midway": "8",
    "META-INF/version-control-info.textproto": "8",
    "META-INF/kotlinx_coroutines_rx3.version": "0",
    "play-services-measurement-sdk.properties": "8",
    "play-services-places.properties": "8",
    "org/joda/time/tz/data/MST": "0",
    "firebase-auth.properties": "8",
    "org/joda/time/tz/data/Africa/Windhoek": "8",
    "META-INF/androidx.compose.runtime_runtime.version": "0",
    "org/joda/time/tz/data/Asia/Hebron": "8",
    "org/joda/time/tz/data/Pacific/Kwajalein": "8",
    "META-INF/ktor-utils.kotlin_module": "8",
    "org/joda/time/tz/data/Asia/Novokuznetsk": "8",
    "META-INF/androidx.privacysandbox.ads_ads-adservices.version": "0",
    "org/joda/time/tz/data/America/Ojinaga": "8",
    "org/joda/time/tz/data/Africa/Bujumbura": "8",
    "org/joda/time/tz/data/America/Bahia": "8",
    "META-INF/androidx.work_work-runtime.version": "0",
    "META-INF/captain-info_productionRelease.kotlin_module": "8",
    "META-INF/androidx.appcompat_appcompat.version": "0",
    "org/joda/time/tz/data/America/Maceio": "8",
    "META-INF/coil-compose-base_release.kotlin_module": "8",
    "org/joda/time/tz/data/Africa/Cairo": "8",
    "org/joda/time/format/messages_uk.properties": "8",
    "org/joda/time/tz/data/America/Belem": "8",
    "org/joda/time/tz/data/America/Cambridge_Bay": "8",
    "org/joda/time/tz/data/America/Havana": "8",
    "META-INF/compose-presentation_productionRelease.kotlin_module": "8",
    "META-INF/com.google.dagger_dagger-android-support.version": "0",
    "org/joda/time/tz/data/Africa/Ouagadougou": "8",
    "META-INF/placeholder_release.kotlin_module": "8",
    "META-INF/kotlinx-serialization-core.kotlin_module": "8",
    "META-INF/ktor-client-okhttp.kotlin_module": "8",
    "META-INF/orbit-core.kotlin_module": "8",
    "META-INF/navigation_release.kotlin_module": "8",
    "org/joda/time/tz/data/Asia/Gaza": "8",
    "org/joda/time/tz/data/America/Boa_Vista": "8",
    "META-INF/com/appsamurai/storyly/storyly/verification.properties": "8",
    "org/joda/time/tz/data/America/Managua": "8",
    "org/joda/time/tz/data/MET": "8",
    "org/joda/time/tz/data/Asia/Pyongyang": "8",
    "firebase-encoders-proto.properties": "8",
    "META-INF/kotlinx-coroutines-rx3.kotlin_module": "8",
    "META-INF/androidx.lifecycle_lifecycle-livedata.version": "0",
    "META-INF/hypersnapsdk_release.kotlin_module": "8",
    "barcode-scanning-common.properties": "8",
    "org/joda/time/tz/data/America/Toronto": "8",
    "org/joda/time/tz/data/Africa/Maseru": "8",
    "org/joda/time/tz/data/Asia/Vladivostok": "8",
    "play-services-audience.properties": "8",
    "META-INF/koin-android_release.kotlin_module": "8",
    "META-INF/androidx.navigation_navigation-runtime.version": "0",
    "play-services-plus.properties": "8",
    "META-INF/paging-runtime_release.kotlin_module": "8",
    "META-INF/utilities_productionRelease.kotlin_module": "8",
    "org/joda/time/tz/data/Asia/Tomsk": "8",
    "META-INF/activity_release.kotlin_module": "8",
    "org/joda/time/format/messages_fr.properties": "8",
    "org/joda/time/tz/data/Africa/Algiers": "8",
    "org/joda/time/tz/data/Antarctica/Palmer": "8",
    "META-INF/androidx.navigation_navigation-runtime-ktx.version": "0",
    "META-INF/compose-destinations_release.kotlin_module": "8",
    "org/joda/time/tz/data/Africa/Mbabane": "8",
    "org/joda/time/tz/data/Asia/Oral": "8",
    "META-INF/datastore_release.kotlin_module": "8",
    "META-INF/datastore-preferences-core.kotlin_module": "8",
    "org/joda/time/tz/data/Africa/Harare": "8",
    "org/joda/time/tz/data/Europe/Moscow": "8",
    "client_analytics.proto": "8",
    "play-services-vision.properties": "8",
    "META-INF/placeholder-material_release.kotlin_module": "8",
    "org/joda/time/tz/data/Europe/Zaporozhye": "8",
    "org/joda/time/tz/data/America/Barbados": "8",
    "META-INF/androidx.fragment_fragment-compose.version": "0",
    "org/joda/time/tz/data/Indian/Antananarivo": "8",
    "META-INF/androidx.window_window.version": "0",
    "org/joda/time/tz/data/America/Thunder_Bay": "8",
    "org/joda/time/tz/data/Indian/Mauritius": "8",
    "org/joda/time/tz/data/Asia/Khandyga": "8",
    "org/joda/time/tz/data/Pacific/Kosrae": "8",
    "META-INF/androidx.cursoradapter_cursoradapter.version": "0",
    "org/joda/time/tz/data/America/Bogota": "8",
    "META-INF/ui-geometry_release.kotlin_module": "8",
    "META-INF/androidx.media_media.version": "0",
    "META-INF/androidx.paging_paging-rxjava3.version": "0",
    "org/joda/time/tz/data/America/Hermosillo": "8",
    "META-INF/androidx.savedstate_savedstate.version": "0",
    "META-INF/androidx.palette_palette.version": "0",
    "META-INF/androidx.fragment_fragment.version": "0",
    "org/joda/time/tz/data/Asia/Makassar": "8",
    "META-INF/chat-integration_productionRelease.kotlin_module": "8",
    "META-INF/kotlinx-coroutines-core.kotlin_module": "8",
    "org/joda/time/tz/data/Asia/Jerusalem": "8",
    "org/joda/time/tz/data/Asia/Phnom_Penh": "8",
    "META-INF/go-to-area_productionRelease.kotlin_module": "8",
    "META-INF/androidx.vectordrawable_vectordrawable.version": "0",
    "org/joda/time/tz/data/Europe/Podgorica": "8",
    "org/joda/time/tz/data/Indian/Mayotte": "8",
    "org/joda/time/tz/data/Europe/Uzhgorod": "8",
    "firebase-iid-interop.properties": "8",
    "org/joda/time/tz/data/Asia/Omsk": "8",
    "META-INF/androidx.fragment_fragment-ktx.version": "0",
    "META-INF/lifecycle-viewmodel_release.kotlin_module": "8",
    "play-services-cloud-messaging.properties": "8",
    "org/joda/time/tz/data/Antarctica/Syowa": "8",
    "play-services-ads.properties": "8",
    "org/joda/time/tz/data/Europe/Kiev": "8",
    "org/joda/time/tz/data/Asia/Brunei": "8",
    "META-INF/androidx.sqlite_sqlite-framework.version": "0",
    "org/joda/time/tz/data/America/Thule": "8",
    "com/clevertap/android/pushsdk/b-": "0",
    "org/joda/time/tz/data/Pacific/Auckland": "8",
    "META-INF/androidx.lifecycle_lifecycle-viewmodel-compose.version": "0",
    "org/joda/time/tz/data/Etc/UTC": "0",
    "org/joda/time/tz/data/America/Panama": "8",
    "META-INF/androidx.core_core.version": "0",
    "org/joda/time/tz/data/Africa/Khartoum": "8",
    "org/joda/time/tz/data/Africa/Bangui": "8",
    "META-INF/material_release.kotlin_module": "8",
    "org/joda/time/tz/data/Africa/Malabo": "8",
    "META-INF/androidx.vectordrawable_vectordrawable-animated.version": "0",
    "META-INF/okhttp.kotlin_module": "8",
    "com/clevertap/android/pushsdk/a-": "0",
    "play-services-mlkit-document-scanner.properties": "8",
    "org/joda/time/tz/data/Asia/Bangkok": "8",
    "translations/mappls-directions-en.json": "8",
    "org/joda/time/tz/data/Asia/Barnaul": "8",
    "META-INF/stories_productionRelease.kotlin_module": "8",
    "org/joda/time/tz/data/Asia/Dili": "8",
    "org/joda/time/tz/data/Antarctica/Rothera": "8",
    "META-INF/com.google.firebase-firebase-database.kotlin_module": "8",
    "META-INF/chat_productionRelease.kotlin_module": "8",
    "play-services-mlkit-barcode-scanning.properties": "8",
    "META-INF/maps-compose_release.kotlin_module": "8",
    "META-INF/androidx.localbroadcastmanager_localbroadcastmanager.version": "0",
    "org/joda/time/tz/data/Europe/Monaco": "8",
    "META-INF/androidx.compose.ui_ui-tooling.version": "0",
    "META-INF/androidx.lifecycle_lifecycle-viewmodel-savedstate.version": "0",
    "org/joda/time/tz/data/Antarctica/Mawson": "8",
    "org/joda/time/tz/data/Pacific/Guam": "8",
    "okhttp3/internal/publicsuffix/NOTICE": "8",
    "org/joda/time/tz/data/Indian/Christmas": "8",
    "META-INF/paho.kotlin_module": "8",
    "org/joda/time/tz/data/America/Nome": "8",
    "META-INF/com.google.firebase-firebase-common-ktx.kotlin_module": "8",
    "org/joda/time/tz/data/Europe/Vilnius": "8",
    "org/joda/time/tz/data/Etc/GMT-8": "0",
    "google/protobuf/type.proto": "8",
    "org/joda/time/tz/data/America/Argentina/Ushuaia": "8",
    "org/joda/time/tz/data/Etc/GMT-9": "0",
    "org/joda/time/tz/data/Europe/Gibraltar": "8",
    "org/joda/time/tz/data/Pacific/Gambier": "8",
    "org/joda/time/tz/data/Etc/GMT-6": "0",
    "org/joda/time/tz/data/Etc/GMT-7": "0",
    "META-INF/demandareas_productionRelease.kotlin_module": "8",
    "org/joda/time/tz/data/Africa/Johannesburg": "8",
    "org/joda/time/format/messages_en.properties": "0",
    "org/joda/time/tz/data/Etc/GMT": "0",
    "META-INF/androidx.security_security-crypto.version": "0",
    "META-INF/androidx.navigation_navigation-common-ktx.version": "0",
    "firebase-analytics.properties": "8",
    "META-INF/androidx.compose.animation_animation.version": "0",
    "META-INF/com.google.dagger_dagger-android.version": "0",
    "META-INF/com.google.dagger_dagger-lint-aar.version": "0",
    "META-INF/kotlinx-coroutines-reactive.kotlin_module": "8",
    "org/joda/time/tz/data/Pacific/Fiji": "8",
    "org/joda/time/tz/data/America/Rankin_Inlet": "8",
    "org/joda/time/tz/data/America/Tortola": "8",
    "org/joda/time/tz/data/Europe/Helsinki": "8",
    "META-INF/androidx.activity_activity-compose.version": "0",
    "org/joda/time/tz/data/Asia/Kolkata": "8",
    "org/joda/time/tz/data/Africa/Blantyre": "8",
    "org/joda/time/tz/data/Europe/Ljubljana": "8",
    "org/joda/time/tz/data/Etc/GMT-4": "0",
    "org/joda/time/tz/data/Etc/GMT-5": "0",
    "play-services-auth.properties": "8",
    "org/joda/time/tz/data/Etc/GMT-2": "0",
    "META-INF/clevertap-core_release.kotlin_module": "8",
    "org/joda/time/tz/data/Etc/GMT-3": "0",
    "META-INF/datastore-preferences_release.kotlin_module": "8",
    "META-INF/ktor-io.kotlin_module": "8",
    "org/joda/time/tz/data/Africa/Douala": "8",
    "org/joda/time/tz/data/Etc/GMT-1": "0",
    "META-INF/presentation-theme_productionRelease.kotlin_module": "8",
    "org/joda/time/tz/data/America/New_York": "8",
    "org/joda/time/tz/data/Africa/Dakar": "8",
    "org/joda/time/tz/data/Asia/Damascus": "8",
    "org/joda/time/tz/data/Etc/GMT+8": "0",
    "org/joda/time/tz/data/Pacific/Chatham": "8",
    "org/joda/time/tz/data/Etc/GMT+9": "0",
    "org/joda/time/tz/data/Etc/GMT+6": "0",
    "org/joda/time/tz/data/Etc/GMT+7": "0",
    "org/joda/time/tz/data/Etc/GMT+4": "0",
    "org/joda/time/tz/data/Europe/Budapest": "8",
    "org/joda/time/tz/data/America/Porto_Velho": "8",
    "org/joda/time/tz/data/Etc/GMT+5": "0",
    "META-INF/androidx.compose.animation_animation-core.version": "0",
    "META-INF/ui-graphics_release.kotlin_module": "8",
    "org/joda/time/tz/data/America/Scoresbysund": "8",
    "googleid.properties": "8",
    "org/joda/time/tz/data/Asia/Bishkek": "8",
    "play-services-auth-base.properties": "8",
    "org/joda/time/tz/data/Africa/Kampala": "8",
    "META-INF/constraintlayout-compose_release.kotlin_module": "8",
    "org/joda/time/tz/data/Asia/Hong_Kong": "8",
    "org/joda/time/tz/data/America/Yakutat": "8",
    "org/joda/time/tz/data/America/Nassau": "8",
    "META-INF/androidx.datastore_datastore.version": "0",
    "play-services-tasks.properties": "8",
    "org/joda/time/format/messages_bg.properties": "8",
    "META-INF/androidx.lifecycle_lifecycle-livedata-core.version": "0",
    "org/joda/time/tz/data/America/Nuuk": "8",
    "org/joda/time/tz/data/Australia/Lindeman": "8",
    "META-INF/androidx.navigation_navigation-common.version": "0",
    "META-INF/location_release.kotlin_module": "8",
    "META-INF/shared_release.kotlin_module": "8",
    "org/joda/time/tz/data/Europe/Vaduz": "8",
    "org/joda/time/tz/data/Pacific/Guadalcanal": "8",
    "org/joda/time/tz/data/Europe/Athens": "8",
    "META-INF/analytics_release.kotlin_module": "8",
    "META-INF/hv-bitmaps-to-video_release.kotlin_module": "8",
    "META-INF/kotlinx-coroutines-rx2.kotlin_module": "8",
    "META-INF/kotlinx_coroutines_reactive.version": "0",
    "org/joda/time/tz/data/America/Winnipeg": "8",
    "org/joda/time/tz/data/Asia/Novosibirsk": "8",
    "org/joda/time/tz/data/Antarctica/Macquarie": "8",
    "org/joda/time/tz/data/America/Noronha": "8",
    "META-INF/kotlinx_coroutines_android.version": "0",
    "org/joda/time/tz/data/America/St_Thomas": "8",
    "org/joda/time/tz/data/Europe/Guernsey": "8",
    "META-INF/androidx.compose.material_material-icons-extended.version": "0",
    "META-INF/androidx.legacy_legacy-support-core-utils.version": "0",
    "org/joda/time/tz/data/Europe/Busingen": "8",
    "META-INF/savedstate_release.kotlin_module": "8",
    "META-INF/audio_productionRelease.kotlin_module": "8",
    "org/joda/time/tz/data/America/Santo_Domingo": "8",
    "META-INF/rapido-analytics_productionRelease.kotlin_module": "8",
    "org/joda/time/tz/data/America/Blanc-Sablon": "8",
    "org/joda/time/tz/data/Asia/Famagusta": "8",
    "play-services-mlkit-face-detection.properties": "8",
    "META-INF/collection.kotlin_module": "8",
    "LICENSE-junit.txt": "8",
    "org/joda/time/tz/data/Pacific/Pitcairn": "8",
    "org/joda/time/tz/data/Asia/Atyrau": "8",
    "META-INF/guidelines-ui_productionRelease.kotlin_module": "8",
    "org/joda/time/tz/data/America/Vancouver": "8",
    "org/joda/time/tz/data/America/Sitka": "8",
    "META-INF/androidx.viewpager2_viewpager2.version": "0",
    "META-INF/coil-svg_release.kotlin_module": "8",
    "google/protobuf/timestamp.proto": "8",
    "META-INF/foundation-layout_release.kotlin_module": "8",
    "org/joda/time/tz/data/Antarctica/Casey": "8",
    "org/joda/time/tz/data/Africa/Libreville": "8",
    "org/joda/time/tz/data/Australia/Hobart": "8",
    "org/joda/time/tz/data/Asia/Qostanay": "8",
    "org/joda/time/tz/data/Asia/Chita": "8",
    "org/joda/time/tz/data/America/Resolute": "8",
    "org/joda/time/tz/data/Asia/Shanghai": "8",
    "META-INF/androidx.tracing_tracing-ktx.version": "0",
    "META-INF/com.google.firebase-firebase-common.kotlin_module": "8",
    "META-INF/androidx.lifecycle_lifecycle-runtime-compose.version": "0",
    "META-INF/androidx.transition_transition.version": "0",
    "org/joda/time/tz/data/America/Chicago": "8",
    "org/joda/time/tz/data/Europe/Riga": "8",
    "org/joda/time/tz/data/America/Cayman": "8",
    "org/joda/time/tz/data/America/Indiana/Indianapolis": "8",
    "META-INF/androidx.print_print.version": "0",
    "google/protobuf/duration.proto": "8",
    "org/joda/time/tz/data/Asia/Krasnoyarsk": "8",
    "META-INF/NOTICE.md": "8",
    "org/joda/time/format/messages_kk.properties": "8",
    "org/joda/time/tz/data/America/Swift_Current": "8",
    "org/joda/time/format/messages.properties": "8",
    "org/joda/time/tz/data/MST7MDT": "8",
    "play-services-vision-common.properties": "8",
    "META-INF/androidx.documentfile_documentfile.version": "0",
    "META-INF/nudges_productionRelease.kotlin_module": "8",
    "META-INF/showcase_release.kotlin_module": "8",
    "integrity.properties": "8",
    "META-INF/java.com.google.android.gmscore.integ.client.firebase-auth-api_firebase-auth-api.kotlin_module": "8",
    "META-INF/payments_productionRelease.kotlin_module": "8",
    "org/joda/time/tz/data/America/Lima": "8",
    "org/joda/time/tz/data/Africa/Mogadishu": "8",
    "firebase-annotations.properties": "8",
    "META-INF/androidx.core_core-ktx.version": "0",
    "META-INF/room-shared_productionRelease.kotlin_module": "8",
    "org/joda/time/tz/data/America/Cuiaba": "8",
    "META-INF/ui-tooling-data_release.kotlin_module": "8",
    "META-INF/presentation_productionRelease.kotlin_module": "8",
    "org/joda/time/tz/data/America/Argentina/Salta": "8",
    "META-INF/androidx.emoji2_emoji2-views-helper.version": "0",
    "org/joda/time/tz/data/Pacific/Port_Moresby": "8",
    "META-INF/androidx.recyclerview_recyclerview.version": "0",
    "META-INF/material-icons-core_release.kotlin_module": "8",
    "META-INF/hail-zones_productionRelease.kotlin_module": "8",
    "org/joda/time/tz/data/Antarctica/Vostok": "8",
    "org/joda/time/tz/data/America/Indiana/Petersburg": "8",
    "META-INF/ktor-http-cio.kotlin_module": "8",
    "META-INF/androidx.tracing_tracing.version": "0",
    "org/joda/time/tz/data/America/Argentina/San_Luis": "8",
    "org/joda/time/tz/data/America/El_Salvador": "8",
    "org/joda/time/tz/data/America/Miquelon": "8",
    "play-services-phenotype.properties": "8",
    "META-INF/material-navigation_release.kotlin_module": "8",
    "META-INF/androidx.startup_startup-runtime.version": "0",
    "org/joda/time/tz/data/America/Argentina/Rio_Gallegos": "8",
    "META-INF/ktor-network.kotlin_module": "8",
    "META-INF/ui-unit_release.kotlin_module": "8",
    "kotlin-tooling-metadata.json": "8",
    "translations/mappls-directions-en_short_instructions.json": "8",
    "META-INF/androidx.compose.material_material-navigation.version": "0",
    "META-INF/ktor-client-content-negotiation.kotlin_module": "8",
    "org/joda/time/tz/data/Asia/Kuching": "8",
    "user-messaging-platform.properties": "8",
    "META-INF/androidx.paging_paging-common.version": "0",
    "META-INF/androidx.compose.foundation_foundation.version": "0",
    "org/joda/time/tz/data/Africa/Asmara": "8",
    "META-INF/androidx.mediarouter_mediarouter.version": "0",
    "org/joda/time/tz/data/Europe/Mariehamn": "8",
    "vision-interfaces.properties": "8",
    "org/joda/time/tz/data/America/Regina": "8",
    "org/joda/time/tz/data/Asia/Karachi": "8",
    "META-INF/androidx.gridlayout_gridlayout.version": "0",
    "META-INF/kotlinx-coroutines-play-services.kotlin_module": "8",
    "org/joda/time/tz/data/Europe/Tirane": "8",
    "org/joda/time/tz/data/America/Jamaica": "8",
    "org/joda/time/tz/data/Pacific/Galapagos": "8",
    "org/joda/time/tz/data/Etc/GMT+2": "0",
    "org/joda/time/tz/data/Etc/GMT+3": "0",
    "META-INF/location_productionRelease.kotlin_module": "8",
    "org/joda/time/tz/data/Asia/Aqtau": "8",
    "org/joda/time/tz/data/Etc/GMT+1": "0",
    "META-INF/line-order_productionRelease.kotlin_module": "8",
    "org/joda/time/tz/data/Asia/Tokyo": "8",
    "org/joda/time/tz/data/Pacific/Palau": "8",
    "play-services-measurement-api.properties": "8",
    "META-INF/kotlinx-coroutines-android.kotlin_module": "8",
    "META-INF/androidx.customview_customview-poolingcontainer.version": "0",
    "org/joda/time/tz/data/America/Argentina/Buenos_Aires": "8",
    "org/joda/time/tz/data/America/Moncton": "8",
    "META-INF/lifecycle-runtime-compose_release.kotlin_module": "8",
    "org/joda/time/tz/data/HST": "0",
    "META-INF/androidx.navigation_navigation-fragment-ktx.version": "0",
    "META-INF/androidx.lifecycle_lifecycle-livedata-core-ktx.version": "0",
    "META-INF/orbit-compose_release.kotlin_module": "8",
    "google/protobuf/struct.proto": "8",
    "org/joda/time/tz/data/Asia/Ashgabat": "8",
    "org/joda/time/tz/data/Europe/Samara": "8",
    "META-INF/androidx.credentials_credentials-play-services-auth.version": "0",
    "org/joda/time/tz/data/America/Rio_Branco": "8",
    "META-INF/ktor-serialization-kotlinx-json.kotlin_module": "8",
    "org/joda/time/tz/data/Pacific/Chuuk": "8",
    "org/joda/time/tz/data/Asia/Muscat": "8",
    "play-services-measurement.properties": "8",
    "META-INF/androidx.databinding_baseAdapters.version": "0",
    "META-INF/androidx.constraintlayout_constraintlayout-compose.version": "0",
    "org/joda/time/tz/data/Pacific/Marquesas": "8",
    "META-INF/androidx.asynclayoutinflater_asynclayoutinflater.version": "0",
    "org/joda/time/tz/data/Europe/Rome": "8",
    "org/joda/time/tz/data/Indian/Reunion": "8",
    "META-INF/ads_release.kotlin_module": "8",
    "META-INF/androidx.compose.ui_ui.version": "0",
    "META-INF/in-order_productionRelease.kotlin_module": "8",
    "org/joda/time/tz/data/ZoneInfoMap": "8",
    "org/joda/time/tz/data/America/Mexico_City": "8",
    "firebase-analytics-ktx.properties": "8",
    "transportation-driver.properties": "8",
    "META-INF/androidx.arch.core_core-runtime.version": "8",
    "META-INF/androidx.emoji2_emoji2.version": "0",
    "firebase-auth-interop.properties": "8",
    "org/joda/time/tz/data/Asia/Urumqi": "8",
    "org/joda/time/tz/data/Indian/Maldives": "8",
    "org/joda/time/tz/data/Europe/Skopje": "8",
    "META-INF/androidx.lifecycle_lifecycle-runtime-ktx.version": "0",
    "META-INF/androidx.lifecycle_lifecycle-viewmodel-ktx.version": "0",
    "org/joda/time/tz/data/America/Manaus": "8",
    "META-INF/access-fee_productionRelease.kotlin_module": "8",
    "META-INF/balloon_release.kotlin_module": "8",
    "play-services-ads-base.properties": "8",
    "okhttp3/internal/publicsuffix/publicsuffixes.gz": "0",
    "review.properties": "8",
    "META-INF/ui-text_release.kotlin_module": "8",
    "org/joda/time/tz/data/America/Argentina/Cordoba": "8",
    "META-INF/fragment-compose_release.kotlin_module": "8",
    "META-INF/ktor-serialization-kotlinx.kotlin_module": "8",
    "org/joda/time/tz/data/Europe/Zurich": "8",
    "META-INF/androidx/annotation/annotation/LICENSE.txt": "8",
    "META-INF/kotlinx-collections-immutable.kotlin_module": "8",
    "org/joda/time/tz/data/America/Cayenne": "8",
    "META-INF/INDEX.LIST": "8",
    "META-INF/com.google.dagger_dagger.version": "0",
    "org/joda/time/tz/data/America/North_Dakota/Center": "8",
    "org/joda/time/tz/data/America/Phoenix": "8",
    "META-INF/hamburger-menu_productionRelease.kotlin_module": "8",
    "org/joda/time/tz/data/America/Antigua": "8",
    "org/joda/time/tz/data/Europe/Saratov": "8",
    "META-INF/userpreferences_release.kotlin_module": "8",
    "org/joda/time/tz/data/Asia/Kuwait": "8",
    "org/joda/time/tz/data/Europe/Paris": "8",
    "org/joda/time/tz/data/America/Dawson_Creek": "8",
    "META-INF/kotlinx_coroutines_slf4j.version": "0",
    "META-INF/platform_productionRelease.kotlin_module": "8",
    "org/joda/time/tz/data/Africa/Banjul": "8",
    "org/joda/time/tz/data/America/Kentucky/Monticello": "8",
    "org/joda/time/tz/data/Indian/Comoro": "8",
    "org/joda/time/tz/data/America/Indiana/Winamac": "8",
    "META-INF/androidx.activity_activity.version": "0",
    "META-INF/androidx.compose.material3_material3.version": "0",
    "org/joda/time/tz/data/Asia/Srednekolymsk": "8",
    "org/joda/time/tz/data/Africa/Kinshasa": "8",
    "org/joda/time/tz/data/Asia/Colombo": "8",
    "org/joda/time/tz/data/America/Montevideo": "8",
    "org/joda/time/tz/data/Europe/Tallinn": "8",
    "META-INF/androidx.compose.material_material-icons-core.version": "0",
    "org/joda/time/tz/data/Asia/Taipei": "8",
    "org/joda/time/tz/data/Africa/Accra": "8",
    "org/joda/time/tz/data/America/Metlakatla": "8",
    "META-INF/kotlinx_coroutines_jdk8.version": "0",
    "org/joda/time/tz/data/Africa/Lome": "8",
    "META-INF/redeem_productionRelease.kotlin_module": "8",
    "image.properties": "8",
    "META-INF/androidx.privacysandbox.ads_ads-adservices-java.version": "0",
    "org/joda/time/tz/data/America/Port_of_Spain": "8",
    "META-INF/activity-compose_release.kotlin_module": "8",
    "org/joda/time/tz/data/Africa/Lagos": "8",
    "META-INF/androidx.compose.ui_ui-geometry.version": "0",
    "META-INF/androidx.paging_paging-runtime.version": "0",
    "META-INF/androidx/collection/collection/LICENSE.txt": "8",
    "org/joda/time/tz/data/Asia/Tehran": "8",
    "org/joda/time/tz/data/Antarctica/McMurdo": "8",
    "META-INF/autopay_productionRelease.kotlin_module": "8",
    "META-INF/face-auth_productionRelease.kotlin_module": "8",
    "META-INF/mockwebserver.kotlin_module": "8",
    "META-INF/core-viewtree_release.kotlin_module": "8",
    "org/joda/time/tz/data/Europe/Jersey": "8",
    "org/joda/time/tz/data/Asia/Bahrain": "8",
    "META-INF/androidx.compose.ui_ui-tooling-data.version": "0",
    "org/joda/time/tz/data/Asia/Yangon": "8",
    "META-INF/reveal-core_productionRelease.kotlin_module": "8",
    "org/joda/time/tz/data/America/Asuncion": "8",
    "org/joda/time/tz/data/Africa/Abidjan": "8",
    "org/joda/time/tz/data/America/Argentina/Tucuman": "8",
    "META-INF/androidx.profileinstaller_profileinstaller.version": "0",
    "org/joda/time/tz/data/Africa/Nouakchott": "8",
    "META-INF/androidx.databinding_viewbinding.version": "0",
    "META-INF/com.google.firebase-firebase-installations.kotlin_module": "8",
    "google/protobuf/compiler/plugin.proto": "8",
    "META-INF/androidx.drawerlayout_drawerlayout.version": "0",
    "org/joda/time/tz/data/Asia/Singapore": "8",
    "org/joda/time/tz/data/Europe/Ulyanovsk": "8",
    "META-INF/androidx.interpolator_interpolator.version": "0",
    "org/joda/time/tz/data/America/Danmarkshavn": "8",
    "META-INF/lifecycle-common.kotlin_module": "8",
    "org/joda/time/tz/data/Asia/Aqtobe": "8",
    "META-INF/moshi-kotlin.kotlin_module": "8",
    "META-INF/androidx.compose.material_material.version": "0",
    "org/joda/time/tz/data/Australia/Perth": "8",
    "org/joda/time/tz/data/America/Grand_Turk": "8",
    "META-INF/com/android/build/gradle/app-metadata.properties": "8",
    "org/joda/time/tz/data/America/Grenada": "8",
    "org/joda/time/tz/data/America/Sao_Paulo": "8",
    "org/joda/time/tz/data/Europe/Nicosia": "8",
    "org/joda/time/tz/data/Africa/Lubumbashi": "8",
    "org/joda/time/tz/data/Europe/London": "8",
    "org/joda/time/tz/data/Asia/Qatar": "8",
    "META-INF/ui-tooling_release.kotlin_module": "8",
    "org/joda/time/tz/data/Asia/Seoul": "8",
    "firebase/perf/v1/perf_metric.proto": "8",
    "org/joda/time/tz/data/WET": "8",
    "vision-common.properties": "8",
    "org/joda/time/tz/data/America/Atikokan": "8",
    "junit/runner/logo.gif": "0",
    "org/joda/time/tz/data/CST6CDT": "8",
    "org/joda/time/tz/data/Africa/Bissau": "8",
    "org/joda/time/tz/data/Africa/Nairobi": "8",
    "META-INF/animation_release.kotlin_module": "8",
    "META-INF/customview-poolingcontainer_release.kotlin_module": "8",
    "META-INF/androidx.lifecycle_lifecycle-viewmodel.version": "0",
    "org/joda/time/tz/data/Europe/Vatican": "8",
    "org/joda/time/tz/data/America/Paramaribo": "8",
    "org/joda/time/format/messages_pt.properties": "8",
    "org/joda/time/tz/data/Africa/Kigali": "8",
    "play-services-location.properties": "8",
    "org/joda/time/tz/data/Asia/Jakarta": "8",
    "org/joda/time/tz/data/America/Costa_Rica": "8",
    "META-INF/navigation-common_release.kotlin_module": "8",
    "META-INF/ads-adservices-java_release.kotlin_module": "8",
    "google/protobuf/descriptor.proto": "8",
    "META-INF/mqtt-pingsender_release.kotlin_module": "8",
    "META-INF/androidx.navigation_navigation-compose.version": "0",
    "org/joda/time/tz/data/Asia/Dhaka": "8",
    "META-INF/androidx.camera_camera-core.version": "0",
    "META-INF/androidx.graphics_graphics-path.version": "0",
    "META-INF/work-runtime_release.kotlin_module": "8",
    "org/joda/time/tz/data/Europe/Warsaw": "8",
    "org/joda/time/tz/data/America/Santarem": "8",
    "org/joda/time/tz/data/Asia/Tashkent": "8",
    "org/joda/time/tz/data/Asia/Anadyr": "8",
    "META-INF/scanner_productionRelease.kotlin_module": "8",
    "play-services-appset.properties": "8",
    "META-INF/incentives_productionRelease.kotlin_module": "8",
    "META-INF/fleet-management_productionRelease.kotlin_module": "8",
    "org/joda/time/tz/data/Europe/Istanbul": "8",
    "org/joda/time/tz/data/Africa/El_Aaiun": "8",
    "META-INF/androidx.swiperefreshlayout_swiperefreshlayout.version": "0",
    "org/joda/time/tz/data/Africa/Addis_Ababa": "8",
    "META-INF/kotlin-reflection.kotlin_module": "8",
    "org/joda/time/tz/data/Asia/Kathmandu": "8",
    "org/joda/time/tz/data/Africa/Niamey": "8",
    "META-INF/androidx.lifecycle_lifecycle-service.version": "0",
    "play-services-identity.properties": "8",
    "META-INF/core_productionRelease.kotlin_module": "8",
    "META-INF/versions/9/OSGI-INF/MANIFEST.MF": "8",
    "messaging_event_extension.proto": "8",
    "org/joda/time/tz/data/America/La_Paz": "8",
    "org/joda/time/tz/data/Europe/Andorra": "8",
    "org/joda/time/format/messages_de.properties": "8",
    "org/joda/time/tz/data/America/Indiana/Vincennes": "8",
    "META-INF/androidx.lifecycle_lifecycle-process.version": "0",
    "org/joda/time/tz/data/America/Indiana/Marengo": "8",
    "google/protobuf/api.proto": "8",
    "google/protobuf/source_context.proto": "8",
    "META-INF/androidx.compose.runtime_runtime-saveable.version": "0",
    "org/joda/time/tz/data/America/Menominee": "8",
    "play-services-measurement-impl.properties": "8",
    "org/joda/time/tz/data/Asia/Pontianak": "8",
    "META-INF/androidx.loader_loader.version": "0",
    "org/joda/time/format/messages_pl.properties": "8",
    "org/joda/time/tz/data/Europe/Isle_of_Man": "8",
    "META-INF/call_productionRelease.kotlin_module": "8",
    "org/joda/time/tz/data/Asia/Baghdad": "8",
    "META-INF/androidx.viewpager_viewpager.version": "0",
    "org/joda/time/tz/data/Asia/Ho_Chi_Minh": "8",
    "META-INF/ktor-client-core.kotlin_module": "8",
    "META-INF/concurrent-futures-ktx.kotlin_module": "8",
    "org/joda/time/tz/data/America/Detroit": "8",
    "org/joda/time/tz/data/Europe/Luxembourg": "8",
    "META-INF/fomo-order_productionRelease.kotlin_module": "8",
    "org/joda/time/tz/data/America/Port-au-Prince": "8",
    "firebase-encoders.properties": "8",
    "org/joda/time/tz/data/Africa/Monrovia": "8",
    "META-INF/androidx.compose.ui_ui-unit.version": "0",
    "META-INF/com.google.firebase-firebase-config.kotlin_module": "8",
    "META-INF/androidx.arch.core_core-testing.version": "0",
    "META-INF/androidx.cardview_cardview.version": "0",
    "META-INF/androidx.navigation_navigation-ui-ktx.version": "0",
    "org/joda/time/tz/data/America/Matamoros": "8",
    "org/joda/time/tz/data/America/Belize": "8",
    "org/joda/time/tz/data/Pacific/Pago_Pago": "8",
    "META-INF/accounts_productionRelease.kotlin_module": "8",
    "META-INF/androidx/lifecycle/lifecycle-common/LICENSE.txt": "8",
    "org/joda/time/tz/data/America/Indiana/Knox": "8",
    "META-INF/androidx.coordinatorlayout_coordinatorlayout.version": "0",
    "META-INF/kotlinx_coroutines_test.version": "0",
    "org/joda/time/tz/data/Africa/Lusaka": "8",
    "META-INF/crashguard_release.kotlin_module": "8",
    "META-INF/androidx.paging_paging-rxjava2-ktx.version": "0",
    "org/joda/time/tz/data/Africa/Porto-Novo": "8",
    "META-INF/com.google.firebase-firebase-messaging-ktx.kotlin_module": "8",
    "META-INF/androidx/room/room-common/LICENSE.txt": "8",
    "META-INF/kotlinx_coroutines_core.version": "0",
    "org/joda/time/tz/data/America/Eirunepe": "8",
    "META-INF/androidx.room_room-paging.version": "0",
    "META-INF/coil-gif_release.kotlin_module": "8",
    "META-INF/lifecycle-runtime_release.kotlin_module": "8",
    "org/joda/time/tz/data/America/Guatemala": "8",
    "org/joda/time/tz/data/Indian/Mahe": "8",
    "META-INF/androidx.camera_camera-view.version": "0",
    "org/joda/time/tz/data/Africa/Bamako": "8",
    "META-INF/androidx.annotation_annotation-experimental.version": "0",
    "META-INF/kotlinx-coroutines-test.kotlin_module": "8",
    "org/joda/time/tz/data/Europe/Madrid": "8",
    "org/mockito/internal/creation/bytebuddy/MockMethodDispatcher.raw": "8",
    "org/joda/time/tz/data/America/Caracas": "8",
    "org/joda/time/tz/data/Australia/Brisbane": "8",
    "META-INF/androidx.paging_paging-runtime-ktx.version": "0",
    "META-INF/com.google.firebase-appcheck-firebase-appcheck.kotlin_module": "8",
    "org/joda/time/tz/data/Europe/Kaliningrad": "8",
    "org/joda/time/tz/data/Pacific/Rarotonga": "8",
    "org/joda/time/tz/data/America/St_Lucia": "8",
    "META-INF/play-integrity_productionRelease.kotlin_module": "8",
    "org/joda/time/tz/data/America/Punta_Arenas": "8",
    "org/joda/time/tz/data/Africa/Tripoli": "8",
    "META-INF/androidx.sqlite_sqlite.version": "0",
    "org/joda/time/tz/data/America/Kralendijk": "8",
    "META-INF/mqtt-client_release.kotlin_module": "8",
    "play-services-ads-lite.properties": "8",
    "org/joda/time/tz/data/America/Indiana/Tell_City": "8",
    "junit/runner/smalllogo.gif": "0",
    "META-INF/capturable_release.kotlin_module": "8",
    "google/protobuf/any.proto": "8",
    "META-INF/communication_productionRelease.kotlin_module": "8",
    "org/joda/time/tz/data/America/Anchorage": "8",
    "META-INF/drawablepainter_release.kotlin_module": "8",
    "META-INF/sqlite_release.kotlin_module": "8",
    "META-INF/androidx.core_core-splashscreen.version": "0",
    "play-services-basement.properties": "8",
    "play-services-stats.properties": "8",
    "META-INF/koin-androidx-compose_release.kotlin_module": "8",
    "org/joda/time/tz/data/Pacific/Tahiti": "8",
    "META-INF/quick-onboarding_productionRelease.kotlin_module": "8",
    "org/joda/time/tz/data/Europe/Lisbon": "8",
    "firebase-database-collection.properties": "8",
    "META-INF/material-ripple_release.kotlin_module": "8",
    "META-INF/retrofit2-kotlinx-serialization-converter.kotlin_module": "8",
    "org/joda/time/format/messages_ru.properties": "8",
    "org/joda/time/tz/data/America/Anguilla": "8"
  },
  "apkFilePath": null,
  "compactEntries": false,
  "isFrameworkApk": false,
  "sdkInfo": {
    "minSdkVersion": "23",
    "targetSdkVersion": "35"
  }
}