{
  "menuItems": {
    "5fbe8a6fb1c45500077393da": [
      {
        "type": "DoubleRowMenuItem",
        "id": "0",
        "icon": "asset://ic_earnings.svg",
        "primaryText": "சம்பாத்தியம்",
        "secondaryText": "வங்கிக்கு பணத்தை மாற்றவும் ,வரலாறு",
        "tagLabel": "",
        "deeplink": "rapidorider://earnings_home?source=hamburger"
      },
      {
        "type": "DoubleRowMenuItem",
        "id": "1",
        "icon": "asset://ic_incentives.svg",
        "primaryText": "இன்சென்டிவ்ஸ்",
        "secondaryText": "தினசரி, சாப்தாஹிகா மற்றும் போனஸ்",
        "tagLabel": "",
        "deeplink": "rapidorider://incentives?source=hamburger"
      },
      {
        "type": "DividerMenuItem",
        "id": "2"
      },
      {
        "type": "DoubleRowMenuItem",
        "id": "3",
        "icon": "asset://ic_service_manager.svg",
        "primaryText": "சேவை மேனேஜர்",
        "secondaryText": "உணவு விநியோகம் மற்றும் பல",
        "tagLabel": "",
        "deeplink": "rapidorider://service_manager?source=hamburger"
      },
      {
        "type": "DoubleRowMenuItem",
        "id": "4",
        "icon": "asset://ic_help.svg",
        "primaryText": "உதவி",
        "secondaryText": "ஆதரவை பெறு,,விபத்து காப்பீடு",
        "tagLabel": "",
        "deeplink": "rapidorider://sub_FAQ?source=hamburger"
      }
    ],
    "5fbe8a8a9788ac0008c4eb98": [
      {
        "type": "DoubleRowMenuItem",
        "id": "0",
        "icon": "asset://ic_earnings.svg",
        "primaryText": "சம்பாத்தியம்",
        "secondaryText": "வங்கிக்கு பணத்தை மாற்றவும் ,வரலாறு",
        "tagLabel": "",
        "deeplink": "rapidorider://earnings_home?source=hamburger"
      },
      {
        "type": "DoubleRowMenuItem",
        "id": "1",
        "icon": "asset://ic_incentives.svg",
        "primaryText": "இன்சென்டிவ்ஸ்",
        "secondaryText": "தினசரி, சாப்தாஹிகா மற்றும் போனஸ்",
        "tagLabel": "",
        "deeplink": "rapidorider://incentives?source=hamburger"
      },
      {
        "type": "DividerMenuItem",
        "id": "2"
      },
      {
        "type": "DoubleRowMenuItem",
        "id": "3",
        "icon": "asset://ic_service_manager.svg",
        "primaryText": "சேவை மேனேஜர்",
        "secondaryText": "ஆக்டிவேஷன் நிலை",
        "tagLabel": "",
        "deeplink": "rapidorider://service_manager?source=hamburger"
      },
      {
        "type": "DoubleRowMenuItem",
        "id": "4",
        "icon": "asset://ic_help.svg",
        "primaryText": "உதவி",
        "secondaryText": "ஆதரவை பெறு,,விபத்து காப்பீடு",
        "tagLabel": "",
        "deeplink": "rapidorider://sub_FAQ?source=hamburger"
      }
    ],
    "642ae204b4b6b8ec5665ce87": [
      {
        "type": "DoubleRowMenuItem",
        "id": "0",
        "icon": "asset://ic_earnings.svg",
        "primaryText": "சம்பாத்தியம்",
        "secondaryText": "வங்கிக்கு பணத்தை மாற்றவும் ,வரலாறு",
        "tagLabel": "",
        "deeplink": "rapidorider://earnings_home?source=hamburger"
      },
      {
        "type": "DoubleRowMenuItem",
        "id": "1",
        "icon": "asset://ic_incentives.svg",
        "primaryText": "இன்சென்டிவ்ஸ்",
        "secondaryText": "தினசரி, சாப்தாஹிகா மற்றும் போனஸ்",
        "tagLabel": "",
        "deeplink": "rapidorider://incentives?source=hamburger"
      },
      {
        "type": "DividerMenuItem",
        "id": "2"
      },
      {
        "type": "DoubleRowMenuItem",
        "id": "3",
        "icon": "asset://ic_service_manager.svg",
        "primaryText": "சேவை மேனேஜர்",
        "secondaryText": "ஆக்டிவேஷன் நிலை",
        "tagLabel": "",
        "deeplink": "rapidorider://service_manager?source=hamburger"
      },
      {
        "type": "DoubleRowMenuItem",
        "id": "4",
        "icon": "asset://ic_help.svg",
        "primaryText": "உதவி",
        "secondaryText": "ஆதரவை பெறு,,விபத்து காப்பீடு",
        "tagLabel": "",
        "deeplink": "rapidorider://sub_FAQ?source=hamburger"
      }
    ]
  }
}