{
  "menuItems": {
    "5fbe8a6fb1c45500077393da": [
      {
        "type": "DoubleRowMenuItem",
        "id": "0",
        "icon": "asset://ic_earnings.svg",
        "primaryText": "Earnings",
        "secondaryText": "Transfer Money to Bank, History",
        "tagLabel": "",
        "deeplink": "rapidorider://earnings_home?source=hamburger"
      },
      {
        "type": "DoubleRowMenuItem",
        "id": "1",
        "icon": "asset://ic_incentives.svg",
        "primaryText": "Incentives",
        "secondaryText": "Daily, Weekly and Bonus",
        "tagLabel": "",
        "deeplink": "rapidorider://incentives?source=hamburger"
      },
      {
        "type": "DividerMenuItem",
        "id": "2"
      },
      {
        "type": "DoubleRowMenuItem",
        "id": "3",
        "icon": "asset://ic_service_manager.svg",
        "primaryText": "Service Manager",
        "secondaryText": "Food Delivery and more",
        "tagLabel": "",
        "deeplink": "rapidorider://service_manager?source=hamburger"
      },
      {
        "type": "DoubleRowMenuItem",
        "id": "4",
        "icon": "asset://ic_help.svg",
        "primaryText": "Help",
        "secondaryText": "Get Support, Accident Insurance",
        "tagLabel": "",
        "deeplink": "rapidorider://sub_FAQ?source=hamburger"
      }
    ],
    "5fbe8a8a9788ac0008c4eb98": [
      {
        "type": "DoubleRowMenuItem",
        "id": "0",
        "icon": "asset://ic_earnings.svg",
        "primaryText": "Earnings",
        "secondaryText": "Transfer Money to Bank, History",
        "tagLabel": "",
        "deeplink": "rapidorider://earnings_home?source=hamburger"
      },
      {
        "type": "DoubleRowMenuItem",
        "id": "1",
        "icon": "asset://ic_incentives.svg",
        "primaryText": "Incentives",
        "secondaryText": "Daily, Weekly and Bonus",
        "tagLabel": "",
        "deeplink": "rapidorider://incentives?source=hamburger"
      },
      {
        "type": "DividerMenuItem",
        "id": "2"
      },
      {
        "type": "DoubleRowMenuItem",
        "id": "3",
        "icon": "asset://ic_service_manager.svg",
        "primaryText": "Service Manager",
        "secondaryText": "Activation Status",
        "tagLabel": "",
        "deeplink": "rapidorider://service_manager?source=hamburger"
      },
      {
        "type": "DoubleRowMenuItem",
        "id": "4",
        "icon": "asset://ic_help.svg",
        "primaryText": "Help",
        "secondaryText": "Get Support, Accident Insurance",
        "tagLabel": "",
        "deeplink": "rapidorider://sub_FAQ?source=hamburger"
      }
    ],
    "642ae204b4b6b8ec5665ce87": [
      {
        "type": "DoubleRowMenuItem",
        "id": "0",
        "icon": "asset://ic_earnings.svg",
        "primaryText": "Earnings",
        "secondaryText": "Transfer Money to Bank, History",
        "tagLabel": "",
        "deeplink": "rapidorider://earnings_home?source=hamburger"
      },
      {
        "type": "DoubleRowMenuItem",
        "id": "1",
        "icon": "asset://ic_incentives.svg",
        "primaryText": "Incentives",
        "secondaryText": "Daily, Weekly and Bonus",
        "tagLabel": "",
        "deeplink": "rapidorider://incentives?source=hamburger"
      },
      {
        "type": "DividerMenuItem",
        "id": "2"
      },
      {
        "type": "DoubleRowMenuItem",
        "id": "3",
        "icon": "asset://ic_service_manager.svg",
        "primaryText": "Service Manager",
        "secondaryText": "Activation Status",
        "tagLabel": "",
        "deeplink": "rapidorider://service_manager?source=hamburger"
      },
      {
        "type": "DoubleRowMenuItem",
        "id": "4",
        "icon": "asset://ic_help.svg",
        "primaryText": "Help",
        "secondaryText": "Get Support, Accident Insurance",
        "tagLabel": "",
        "deeplink": "rapidorider://sub_FAQ?source=hamburger"
      }
    ]
  }
}