{
  "menuItems": {
    "5fbe8a6fb1c45500077393da": [
      {
        "type": "DoubleRowMenuItem",
        "id": "0",
        "icon": "asset://ic_earnings.svg",
        "primaryText": "আরনিং",
        "secondaryText": "ব্যাংকে অর্থ স্থানান্তর করুন, হিস্ট্রি",
        "tagLabel": "",
        "deeplink": "rapidorider://earnings_home?source=hamburger"
      },
      {
        "type": "DoubleRowMenuItem",
        "id": "1",
        "icon": "asset://ic_incentives.svg",
        "primaryText": "ইন্সেন্টিভ",
        "secondaryText": "ডেইলি উইকলি এবং বোনাস",
        "tagLabel": "",
        "deeplink": "rapidorider://incentives?source=hamburger"
      },
      {
        "type": "DividerMenuItem",
        "id": "2"
      },
      {
        "type": "DoubleRowMenuItem",
        "id": "3",
        "icon": "asset://ic_service_manager.svg",
        "primaryText": "সার্ভিস ম্যানেজার",
        "secondaryText": "ফুড ডেলিভারি এবং আরো",
        "tagLabel": "",
        "deeplink": "rapidorider://service_manager?source=hamburger"
      },
      {
        "type": "DoubleRowMenuItem",
        "id": "4",
        "icon": "asset://ic_help.svg",
        "primaryText": "হেল্প",
        "secondaryText": "সাপোর্ট, দুর্ঘটনা বীমা",
        "tagLabel": "",
        "deeplink": "rapidorider://sub_FAQ?source=hamburger"
      }
    ],
    "5fbe8a8a9788ac0008c4eb98": [
      {
        "type": "DoubleRowMenuItem",
        "id": "0",
        "icon": "asset://ic_earnings.svg",
        "primaryText": "আরনিং",
        "secondaryText": "ব্যাংকে অর্থ স্থানান্তর করুন, হিস্ট্রি",
        "tagLabel": "",
        "deeplink": "rapidorider://earnings_home?source=hamburger"
      },
      {
        "type": "DoubleRowMenuItem",
        "id": "1",
        "icon": "asset://ic_incentives.svg",
        "primaryText": "ইন্সেন্টিভ",
        "secondaryText": "ডেইলি উইকলি এবং বোনাস",
        "tagLabel": "",
        "deeplink": "rapidorider://incentives?source=hamburger"
      },
      {
        "type": "DividerMenuItem",
        "id": "2"
      },
      {
        "type": "DoubleRowMenuItem",
        "id": "3",
        "icon": "asset://ic_service_manager.svg",
        "primaryText": "সার্ভিস ম্যানেজার",
        "secondaryText": "অ্যাক্টিভেশন স্ট্যাটাস",
        "tagLabel": "",
        "deeplink": "rapidorider://service_manager?source=hamburger"
      },
      {
        "type": "DoubleRowMenuItem",
        "id": "4",
        "icon": "asset://ic_help.svg",
        "primaryText": "হেল্প",
        "secondaryText": "সাপোর্ট, দুর্ঘটনা বীমা",
        "tagLabel": "",
        "deeplink": "rapidorider://sub_FAQ?source=hamburger"
      }
    ],
    "642ae204b4b6b8ec5665ce87": [
      {
        "type": "DoubleRowMenuItem",
        "id": "0",
        "icon": "asset://ic_earnings.svg",
        "primaryText": "আরনিং",
        "secondaryText": "ব্যাংকে অর্থ স্থানান্তর করুন, হিস্ট্রি",
        "tagLabel": "",
        "deeplink": "rapidorider://earnings_home?source=hamburger"
      },
      {
        "type": "DoubleRowMenuItem",
        "id": "1",
        "icon": "asset://ic_incentives.svg",
        "primaryText": "ইন্সেন্টিভ",
        "secondaryText": "ডেইলি উইকলি এবং বোনাস",
        "tagLabel": "",
        "deeplink": "rapidorider://incentives?source=hamburger"
      },
      {
        "type": "DividerMenuItem",
        "id": "2"
      },
      {
        "type": "DoubleRowMenuItem",
        "id": "3",
        "icon": "asset://ic_service_manager.svg",
        "primaryText": "সার্ভিস ম্যানেজার",
        "secondaryText": "অ্যাক্টিভেশন স্ট্যাটাস",
        "tagLabel": "",
        "deeplink": "rapidorider://service_manager?source=hamburger"
      },
      {
        "type": "DoubleRowMenuItem",
        "id": "4",
        "icon": "asset://ic_help.svg",
        "primaryText": "হেল্প",
        "secondaryText": "সাপোর্ট, দুর্ঘটনা বীমা",
        "tagLabel": "",
        "deeplink": "rapidorider://sub_FAQ?source=hamburger"
      }
    ]
  }
}