{
  "menuItems": {
    "5fbe8a6fb1c45500077393da": [
      {
        "type": "DoubleRowMenuItem",
        "id": "0",
        "icon": "asset://ic_earnings.svg",
        "primaryText": "ఏర్నింగ్స్",
        "secondaryText": "బ్యాంకుకు డబ్బు బదిలీ చేయండి, చరిత్ర",
        "tagLabel": "",
        "deeplink": "rapidorider://earnings_home?source=hamburger"
      },
      {
        "type": "DoubleRowMenuItem",
        "id": "1",
        "icon": "asset://ic_incentives.svg",
        "primaryText": "ఇన్సెంటీవ్స్",
        "secondaryText": "డైలీ, వీక్లీ మరియు బోనస్",
        "tagLabel": "",
        "deeplink": "rapidorider://incentives?source=hamburger"
      },
      {
        "type": "DividerMenuItem",
        "id": "2"
      },
      {
        "type": "DoubleRowMenuItem",
        "id": "3",
        "icon": "asset://ic_service_manager.svg",
        "primaryText": "సర్విస్ మ్యానేజర్",
        "secondaryText": "ఫుడ్ డెలివరీ మరెన్నో",
        "tagLabel": "",
        "deeplink": "rapidorider://service_manager?source=hamburger"
      },
      {
        "type": "DoubleRowMenuItem",
        "id": "4",
        "icon": "asset://ic_help.svg",
        "primaryText": "సహాయం",
        "secondaryText": "సపోర్ట్ ,యాక్సిడెంట్ ఇన్సూరెన్స్",
        "tagLabel": "",
        "deeplink": "rapidorider://sub_FAQ?source=hamburger"
      }
    ],
    "5fbe8a8a9788ac0008c4eb98": [
      {
        "type": "DoubleRowMenuItem",
        "id": "0",
        "icon": "asset://ic_earnings.svg",
        "primaryText": "ఏర్నింగ్స్",
        "secondaryText": "బ్యాంకుకు డబ్బు బదిలీ చేయండి, చరిత్ర",
        "tagLabel": "",
        "deeplink": "rapidorider://earnings_home?source=hamburger"
      },
      {
        "type": "DoubleRowMenuItem",
        "id": "1",
        "icon": "asset://ic_incentives.svg",
        "primaryText": "ఇన్సెంటీవ్స్",
        "secondaryText": "డైలీ, వీక్లీ మరియు బోనస్",
        "tagLabel": "",
        "deeplink": "rapidorider://incentives?source=hamburger"
      },
      {
        "type": "DividerMenuItem",
        "id": "2"
      },
      {
        "type": "DoubleRowMenuItem",
        "id": "3",
        "icon": "asset://ic_service_manager.svg",
        "primaryText": "సర్విస్ మ్యానేజర్",
        "secondaryText": "యాక్టివేషన్ స్టేటస్",
        "tagLabel": "",
        "deeplink": "rapidorider://service_manager?source=hamburger"
      },
      {
        "type": "DoubleRowMenuItem",
        "id": "4",
        "icon": "asset://ic_help.svg",
        "primaryText": "సహాయం",
        "secondaryText": "సపోర్ట్ ,యాక్సిడెంట్ ఇన్సూరెన్స్",
        "tagLabel": "",
        "deeplink": "rapidorider://sub_FAQ?source=hamburger"
      }
    ],
    "642ae204b4b6b8ec5665ce87": [
      {
        "type": "DoubleRowMenuItem",
        "id": "0",
        "icon": "asset://ic_earnings.svg",
        "primaryText": "ఏర్నింగ్స్",
        "secondaryText": "బ్యాంకుకు డబ్బు బదిలీ చేయండి, చరిత్ర",
        "tagLabel": "",
        "deeplink": "rapidorider://earnings_home?source=hamburger"
      },
      {
        "type": "DoubleRowMenuItem",
        "id": "1",
        "icon": "asset://ic_incentives.svg",
        "primaryText": "ఇన్సెంటీవ్స్",
        "secondaryText": "డైలీ, వీక్లీ మరియు బోనస్",
        "tagLabel": "",
        "deeplink": "rapidorider://incentives?source=hamburger"
      },
      {
        "type": "DividerMenuItem",
        "id": "2"
      },
      {
        "type": "DoubleRowMenuItem",
        "id": "3",
        "icon": "asset://ic_service_manager.svg",
        "primaryText": "సర్విస్ మ్యానేజర్",
        "secondaryText": "యాక్టివేషన్ స్టేటస్",
        "tagLabel": "",
        "deeplink": "rapidorider://service_manager?source=hamburger"
      },
      {
        "type": "DoubleRowMenuItem",
        "id": "4",
        "icon": "asset://ic_help.svg",
        "primaryText": "సహాయం",
        "secondaryText": "సపోర్ట్ ,యాక్సిడెంట్ ఇన్సూరెన్స్",
        "tagLabel": "",
        "deeplink": "rapidorider://sub_FAQ?source=hamburger"
      }
    ]
  }
}