{
  "menuItems": {
    "5fbe8a6fb1c45500077393da": [
      {
        "type": "DoubleRowMenuItem",
        "id": "0",
        "icon": "asset://ic_earnings.svg",
        "primaryText": "ಗಳಿಕೆ",
        "secondaryText": "ಹಣವನ್ನು ಬ್ಯಾಂಕ್‌ಗೆ ವರ್ಗಾಯಿಸಿ ,ಇತಿಹಾಸ",
        "tagLabel": "",
        "deeplink": "rapidorider://earnings_home?source=hamburger"
      },
      {
        "type": "DoubleRowMenuItem",
        "id": "1",
        "icon": "asset://ic_incentives.svg",
        "primaryText": "ಇಂಸೆಂಟಿವ್ಸ್",
        "secondaryText": "ದೈನಂದಿನ, ಸಾಪ್ತಾಹಿಕ ಮತ್ತು ಬೋನಸ್",
        "tagLabel": "",
        "deeplink": "rapidorider://incentives?source=hamburger"
      },
      {
        "type": "DividerMenuItem",
        "id": "2"
      },
      {
        "type": "DoubleRowMenuItem",
        "id": "3",
        "icon": "asset://ic_service_manager.svg",
        "primaryText": "ಸರ್ವಿಸ್  ಮ್ಯಾನೇಜರ್",
        "secondaryText": "ಫುಡ್  ಡೆಲಿವರಿ  ಮತ್ತು ಹಲವು",
        "tagLabel": "",
        "deeplink": "rapidorider://service_manager?source=hamburger"
      },
      {
        "type": "DoubleRowMenuItem",
        "id": "4",
        "icon": "asset://ic_help.svg",
        "primaryText": "ಸಹಾಯ",
        "secondaryText": "ಸಪೋರ್ಟ್ ಪಡೆಯಿರಿ, ಆಕ್ಸಿಡೆಂಟ್  ಇನ್ಶೂರೆನ್ಸ್",
        "tagLabel": "",
        "deeplink": "rapidorider://sub_FAQ?source=hamburger"
      }
    ],
    "5fbe8a8a9788ac0008c4eb98": [
      {
        "type": "DoubleRowMenuItem",
        "id": "0",
        "icon": "asset://ic_earnings.svg",
        "primaryText": "ಗಳಿಕೆ",
        "secondaryText": "ಹಣವನ್ನು ಬ್ಯಾಂಕ್‌ಗೆ ವರ್ಗಾಯಿಸಿ ,ಇತಿಹಾಸ",
        "tagLabel": "",
        "deeplink": "rapidorider://earnings_home?source=hamburger"
      },
      {
        "type": "DoubleRowMenuItem",
        "id": "1",
        "icon": "asset://ic_incentives.svg",
        "primaryText": "ಇಂಸೆಂಟಿವ್ಸ್",
        "secondaryText": "ದೈನಂದಿನ, ಸಾಪ್ತಾಹಿಕ ಮತ್ತು ಬೋನಸ್",
        "tagLabel": "",
        "deeplink": "rapidorider://incentives?source=hamburger"
      },
      {
        "type": "DividerMenuItem",
        "id": "2"
      },
      {
        "type": "DoubleRowMenuItem",
        "id": "3",
        "icon": "asset://ic_service_manager.svg",
        "primaryText": "ಸರ್ವಿಸ್  ಮ್ಯಾನೇಜರ್",
        "secondaryText": "ಆ್ಯಕ್ಟಿವೇಶನ್ ಸ್ಟೇಟಸ್",
        "tagLabel": "",
        "deeplink": "rapidorider://service_manager?source=hamburger"
      },
      {
        "type": "DoubleRowMenuItem",
        "id": "4",
        "icon": "asset://ic_help.svg",
        "primaryText": "ಸಹಾಯ",
        "secondaryText": "ಸಪೋರ್ಟ್ ಪಡೆಯಿರಿ, ಆಕ್ಸಿಡೆಂಟ್  ಇನ್ಶೂರೆನ್ಸ್",
        "tagLabel": "",
        "deeplink": "rapidorider://sub_FAQ?source=hamburger"
      }
    ],
    "642ae204b4b6b8ec5665ce87": [
      {
        "type": "DoubleRowMenuItem",
        "id": "0",
        "icon": "asset://ic_earnings.svg",
        "primaryText": "ಗಳಿಕೆ",
        "secondaryText": "ಹಣವನ್ನು ಬ್ಯಾಂಕ್‌ಗೆ ವರ್ಗಾಯಿಸಿ ,ಇತಿಹಾಸ",
        "tagLabel": "",
        "deeplink": "rapidorider://earnings_home?source=hamburger"
      },
      {
        "type": "DoubleRowMenuItem",
        "id": "1",
        "icon": "asset://ic_incentives.svg",
        "primaryText": "ಇಂಸೆಂಟಿವ್ಸ್",
        "secondaryText": "ದೈನಂದಿನ, ಸಾಪ್ತಾಹಿಕ ಮತ್ತು ಬೋನಸ್",
        "tagLabel": "",
        "deeplink": "rapidorider://incentives?source=hamburger"
      },
      {
        "type": "DividerMenuItem",
        "id": "2"
      },
      {
        "type": "DoubleRowMenuItem",
        "id": "3",
        "icon": "asset://ic_service_manager.svg",
        "primaryText": "ಸರ್ವಿಸ್  ಮ್ಯಾನೇಜರ್",
        "secondaryText": "ಆ್ಯಕ್ಟಿವೇಶನ್ ಸ್ಟೇಟಸ್",
        "tagLabel": "",
        "deeplink": "rapidorider://service_manager?source=hamburger"
      },
      {
        "type": "DoubleRowMenuItem",
        "id": "4",
        "icon": "asset://ic_help.svg",
        "primaryText": "ಸಹಾಯ",
        "secondaryText": "ಸಪೋರ್ಟ್ ಪಡೆಯಿರಿ, ಆಕ್ಸಿಡೆಂಟ್  ಇನ್ಶೂರೆನ್ಸ್",
        "tagLabel": "",
        "deeplink": "rapidorider://sub_FAQ?source=hamburger"
      }
    ]
  }
}